idx,Option,Filing_Date,Trade_Date,Ticker,Company_Name,Insider_Name,Title,Trade_Type,Price,Qty,Owned,Î”Own,Value,2w,1m,2m,3m,4m,5m,6m,7m,8m,9m,10m,11m,1yr,2yr,2w%,1m%,2m%,3m%,4m%,5m%,6m%,7m%,8m%,9m%,10m%,11m%,1yr%,2yr%,active,done,skip,source
2,False,2021-08-19,2021-08-19,RILY,"B. Riley Financial, Inc.",Riley Bryant R,"COB, Co-CEO, 10%",P - Purchase,0.0,135000.0,5870171.0,2.0,8181729.0,0.0,0.0,0.0,0.0,0.0,0.0,0.0,0.0,0.0,0.0,0.0,0.0,0.0,0.0,0.0,0.0,0.0,0.0,0.0,0.0,0.0,0.0,0.0,0.0,0.0,0.0,0.0,0.0,False,False,False,
1,False,2021-08-19,2021-04-15,BMEA,"Biomea Fusion, Inc.",Butler Thomas Andrew,"CEO, 10%",P - Purchase,0.0,204470.0,5132868.0,4.0,3301795.0,0.0,0.0,0.0,0.0,0.0,0.0,0.0,0.0,0.0,0.0,0.0,0.0,0.0,0.0,0.0,0.0,0.0,0.0,0.0,0.0,0.0,0.0,0.0,0.0,0.0,0.0,0.0,0.0,False,False,False,
4,False,2021-08-18,2021-08-17,DIBS,"1Stdibs.Com, Inc.",Rosenblatt David S,CEO,P - Purchase,0.0,100000.0,2136777.0,5.0,1494275.0,0.0,0.0,0.0,0.0,0.0,0.0,0.0,0.0,0.0,0.0,0.0,0.0,0.0,0.0,0.0,0.0,0.0,0.0,0.0,0.0,0.0,0.0,0.0,0.0,0.0,0.0,0.0,0.0,False,False,False,
3,False,2021-08-18,2021-08-16,GOCO,"Gohealth, Inc.",Jones Clinton P.,"CEO, 10%",P - Purchase,0.0,253090.0,522317.0,94.0,1184396.0,0.0,0.0,0.0,0.0,0.0,0.0,0.0,0.0,0.0,0.0,0.0,0.0,0.0,0.0,0.0,0.0,0.0,0.0,0.0,0.0,0.0,0.0,0.0,0.0,0.0,0.0,0.0,0.0,False,False,False,
5,True,2021-08-17,2021-08-15,FOX,Fox Corp,Murdoch Lachlan K,"Exec COB, CEO",P - Purchase,0.0,157112.0,688714.0,30.0,5813144.0,0.0,0.0,0.0,0.0,0.0,0.0,0.0,0.0,0.0,0.0,0.0,0.0,0.0,0.0,0.0,0.0,0.0,0.0,0.0,0.0,0.0,0.0,0.0,0.0,0.0,0.0,0.0,0.0,False,False,False,
6,False,2021-08-13,2021-08-11,SSBK,"Southern States Bancshares, Inc.",Whatley Stephen W.,CEO,P - Purchase,0.0,75000.0,523893.0,17.0,1425000.0,0.0,0.0,0.0,0.0,0.0,0.0,0.0,0.0,0.0,0.0,0.0,0.0,0.0,0.0,0.0,0.0,0.0,0.0,0.0,0.0,0.0,0.0,0.0,0.0,0.0,0.0,0.0,0.0,False,False,False,
7,False,2021-08-13,2021-08-11,SRGA,"Surgalign Holdings, Inc.",Rich Terry M.,"Pres, CEO",P - Purchase,0.0,1078701.0,2772660.0,64.0,1006646.0,0.0,0.0,0.0,0.0,0.0,0.0,0.0,0.0,0.0,0.0,0.0,0.0,0.0,0.0,0.0,0.0,0.0,0.0,0.0,0.0,0.0,0.0,0.0,0.0,0.0,0.0,0.0,0.0,False,False,False,
8,False,2021-08-12,2021-08-10,BH,Biglari Holdings Inc.,"Biglari, Sardar","COB, CEO, 10%",P - Purchase,0.0,14555.0,1433580.0,1.0,3595866.0,0.0,0.0,0.0,0.0,0.0,0.0,0.0,0.0,0.0,0.0,0.0,0.0,0.0,0.0,0.0,0.0,0.0,0.0,0.0,0.0,0.0,0.0,0.0,0.0,0.0,0.0,0.0,0.0,False,False,False,
9,True,2021-08-11,2021-08-10,ROCGU,Roth Ch Acquisition IV Co.,Lipman John C,Co-CEO,P - Purchase,0.0,110806.0,801091.0,16.0,1108060.0,0.0,0.0,0.0,0.0,0.0,0.0,0.0,0.0,0.0,0.0,0.0,0.0,0.0,0.0,0.0,0.0,0.0,0.0,0.0,0.0,0.0,0.0,0.0,0.0,0.0,0.0,0.0,0.0,False,False,False,
11,False,2021-08-11,2021-08-10,RILY,"B. Riley Financial, Inc.",Riley Bryant R,"COB, Co-CEO, 10%",P - Purchase,0.0,15000.0,5710807.0,0.0,1023263.0,0.0,0.0,0.0,0.0,0.0,0.0,0.0,0.0,0.0,0.0,0.0,0.0,0.0,0.0,0.0,0.0,0.0,0.0,0.0,0.0,0.0,0.0,0.0,0.0,0.0,0.0,0.0,0.0,False,False,False,
12,False,2021-08-10,2021-08-10,KW,"Kennedy-Wilson Holdings, Inc.",McMorrow William J,CEO,P - Purchase,0.0,100000.0,12625228.0,1.0,2110000.0,0.0,0.0,0.0,0.0,0.0,0.0,0.0,0.0,0.0,0.0,0.0,0.0,0.0,0.0,0.0,0.0,0.0,0.0,0.0,0.0,0.0,0.0,0.0,0.0,0.0,0.0,0.0,0.0,False,False,False,
13,False,2021-08-10,2021-08-10,IHRT,"Iheartmedia, Inc.",Pittman Robert W,"CEO, Dir",P - Purchase,0.0,47984.0,641212.0,8.0,1023695.0,0.0,0.0,0.0,0.0,0.0,0.0,0.0,0.0,0.0,0.0,0.0,0.0,0.0,0.0,0.0,0.0,0.0,0.0,0.0,0.0,0.0,0.0,0.0,0.0,0.0,0.0,0.0,0.0,False,False,False,
14,False,2021-08-09,2021-08-09,DNB,"Dun & Bradstreet Holdings, Inc.",Jabbour Anthony M,CEO,P - Purchase,0.0,109806.0,5165506.0,2.0,1999996.0,0.0,0.0,0.0,0.0,0.0,0.0,0.0,0.0,0.0,0.0,0.0,0.0,0.0,0.0,0.0,0.0,0.0,0.0,0.0,0.0,0.0,0.0,0.0,0.0,0.0,0.0,0.0,0.0,False,False,False,
15,False,2021-08-09,2021-08-05,SAGE,"Sage Therapeutics, Inc.",Greene Barry E,"Pres, CEO",P - Purchase,0.0,23640.0,32440.0,269.0,1020054.0,0.0,0.0,0.0,0.0,0.0,0.0,0.0,0.0,0.0,0.0,0.0,0.0,0.0,0.0,0.0,0.0,0.0,0.0,0.0,0.0,0.0,0.0,0.0,0.0,0.0,0.0,0.0,0.0,False,False,False,
16,False,2021-08-05,2021-07-28,SUI,Sun Communities Inc,Shiffman Gary A,"COB, CEO",P - Purchase,0.0,234934.0,1397151.0,20.0,45624183.0,0.0,0.0,0.0,0.0,0.0,0.0,0.0,0.0,0.0,0.0,0.0,0.0,0.0,0.0,0.0,0.0,0.0,0.0,0.0,0.0,0.0,0.0,0.0,0.0,0.0,0.0,0.0,0.0,False,False,False,
17,False,2021-08-04,2021-08-02,AAT,"American Assets Trust, Inc.",Rady Ernest S,"COB, CEO, 10%",P - Purchase,0.0,29623.0,10651504.0,0.0,1088873.0,0.0,0.0,0.0,0.0,0.0,0.0,0.0,0.0,0.0,0.0,0.0,0.0,0.0,0.0,0.0,0.0,0.0,0.0,0.0,0.0,0.0,0.0,0.0,0.0,0.0,0.0,0.0,0.0,False,False,False,
18,True,2021-08-02,2021-08-02,IMAQ,International Media Acquisition Corp.,Sarkar Shibasish,"CEO, 10%",P - Purchase,0.0,714400.0,6314400.0,13.0,7144000.0,0.0,0.0,0.0,0.0,0.0,0.0,0.0,0.0,0.0,0.0,0.0,0.0,0.0,0.0,0.0,0.0,0.0,0.0,0.0,0.0,0.0,0.0,0.0,0.0,0.0,0.0,0.0,0.0,False,False,False,
19,True,2021-07-23,2021-07-22,HCWB,Hcw Biologics Inc.,Wong Hing C,CEO,P - Purchase,0.0,627500.0,15255618.0,4.0,5020000.0,0.0,0.0,0.0,0.0,0.0,0.0,0.0,0.0,0.0,0.0,0.0,0.0,0.0,0.0,0.0,0.0,0.0,0.0,0.0,0.0,0.0,0.0,0.0,0.0,0.0,0.0,0.0,0.0,False,False,False,
20,False,2021-07-22,2021-07-22,CLOE,Clover Leaf Capital Corp.,Maclean Felipe,"CEO, 10%",P - Purchase,0.0,571859.0,571859.0,New,5718590.0,0.0,0.0,0.0,0.0,0.0,0.0,0.0,0.0,0.0,0.0,0.0,0.0,0.0,0.0,0.0,0.0,0.0,0.0,0.0,0.0,0.0,0.0,0.0,0.0,0.0,0.0,0.0,0.0,False,False,False,
21,False,2021-07-21,2021-07-19,COSM,Cosmos Holdings Inc.,Siokas Grigorios,"CEO, 10%",P - Purchase,0.0,208333.0,7324517.0,3.0,1249998.0,0.0,0.0,0.0,0.0,0.0,0.0,0.0,0.0,0.0,0.0,0.0,0.0,0.0,0.0,0.0,0.0,0.0,0.0,0.0,0.0,0.0,0.0,0.0,0.0,0.0,0.0,0.0,0.0,False,False,False,
22,True,2021-07-19,2021-07-19,PECO,"Phillips Edison & Company, Inc.",Edison Jeffrey,"COB, CEO",P - Purchase,0.0,50000.0,224485.0,29.0,1400000.0,0.0,0.0,0.0,0.0,0.0,0.0,0.0,0.0,0.0,0.0,0.0,0.0,0.0,0.0,0.0,0.0,0.0,0.0,0.0,0.0,0.0,0.0,0.0,0.0,0.0,0.0,0.0,0.0,False,False,False,
23,False,2021-07-16,2021-07-14,GBX,Greenbrier Companies Inc,Furman William A,"COB, CEO",P - Purchase,0.0,100000.0,672518.0,17.0,4307659.0,0.0,0.0,0.0,0.0,0.0,0.0,0.0,0.0,0.0,0.0,0.0,0.0,0.0,0.0,0.0,0.0,0.0,0.0,0.0,0.0,0.0,0.0,0.0,0.0,0.0,0.0,0.0,0.0,False,False,False,
24,False,2021-07-15,2021-07-14,IVAN,Ivanhoe Capital Acquisition Corp.,Friedland Robert M,"COB, CEO",P - Purchase,0.0,100000.0,100000.0,New,1000000.0,0.0,0.0,0.0,0.0,0.0,0.0,0.0,0.0,0.0,0.0,0.0,0.0,0.0,0.0,0.0,0.0,0.0,0.0,0.0,0.0,0.0,0.0,0.0,0.0,0.0,0.0,0.0,0.0,False,False,False,
25,False,2021-07-14,2021-07-13,COSM,Cosmos Holdings Inc.,Siokas Grigorios,"CEO, 10%",P - Purchase,0.0,166667.0,7116184.0,2.0,1000002.0,0.0,0.0,0.0,0.0,0.0,0.0,0.0,0.0,0.0,0.0,0.0,0.0,0.0,0.0,0.0,0.0,0.0,0.0,0.0,0.0,0.0,0.0,0.0,0.0,0.0,0.0,0.0,0.0,False,False,False,
27,True,2021-07-07,2021-07-02,MCAFU,Mountain Crest Acquisition Corp. IV,Liu Suying,"CEO, CFO, 10%",P - Purchase,0.0,210000.0,1641500.0,15.0,2100000.0,0.0,0.0,0.0,0.0,0.0,0.0,0.0,0.0,0.0,0.0,0.0,0.0,0.0,0.0,0.0,0.0,0.0,0.0,0.0,0.0,0.0,0.0,0.0,0.0,0.0,0.0,0.0,0.0,False,False,False,
26,True,2021-07-07,2021-06-25,LCAP,Lionheart Acquisition Corp. II,Sternberg Ophir,"Pres, CEO, 10%",P - Purchase,0.0,445000.0,445000.0,New,4450000.0,0.0,0.0,0.0,0.0,0.0,0.0,0.0,0.0,0.0,0.0,0.0,0.0,0.0,0.0,0.0,0.0,0.0,0.0,0.0,0.0,0.0,0.0,0.0,0.0,0.0,0.0,0.0,0.0,False,False,False,
28,True,2021-07-02,2021-06-30,ASAN,"Asana, Inc.",Moskovitz Dustin A.,"Pres, CEO, Chair, 10%",P - Purchase,0.0,160000.0,8097046.0,2.0,10133660.0,0.0,0.0,0.0,0.0,0.0,0.0,0.0,0.0,0.0,0.0,0.0,0.0,0.0,0.0,0.0,0.0,0.0,0.0,0.0,0.0,0.0,0.0,0.0,0.0,0.0,0.0,0.0,0.0,False,False,False,
30,False,2021-06-28,2021-06-24,ASAN,"Asana, Inc.",Moskovitz Dustin A.,"Pres, CEO, Chair, 10%",P - Purchase,0.0,320000.0,7617046.0,4.0,19683086.0,0.0,0.0,0.0,0.0,0.0,0.0,0.0,0.0,0.0,0.0,0.0,0.0,0.0,0.0,0.0,0.0,0.0,0.0,0.0,0.0,0.0,0.0,0.0,0.0,0.0,0.0,0.0,0.0,False,False,False,
31,False,2021-06-25,2021-06-23,COSM,Cosmos Holdings Inc.,Siokas Grigorios,"CEO, 10%",P - Purchase,0.0,500000.0,6949517.0,8.0,3000000.0,0.0,0.0,0.0,0.0,0.0,0.0,0.0,0.0,0.0,0.0,0.0,0.0,0.0,0.0,0.0,0.0,0.0,0.0,0.0,0.0,0.0,0.0,0.0,0.0,0.0,0.0,0.0,0.0,False,False,False,
32,False,2021-06-24,2021-06-22,ASAN,"Asana, Inc.",Moskovitz Dustin A.,"Pres, CEO, Chair, 10%",P - Purchase,0.0,320000.0,7297046.0,5.0,18535616.0,0.0,0.0,0.0,0.0,0.0,0.0,0.0,0.0,0.0,0.0,0.0,0.0,0.0,0.0,0.0,0.0,0.0,0.0,0.0,0.0,0.0,0.0,0.0,0.0,0.0,0.0,0.0,0.0,False,False,False,
33,False,2021-06-23,2021-06-21,FIII,Forum Merger III Corp,Kiev Marshall,"Co-CEO, Pres, 10%",P - Purchase,0.0,500000.0,1116250.0,81.0,4922500.0,0.0,0.0,0.0,0.0,0.0,0.0,0.0,0.0,0.0,0.0,0.0,0.0,0.0,0.0,0.0,0.0,0.0,0.0,0.0,0.0,0.0,0.0,0.0,0.0,0.0,0.0,0.0,0.0,False,False,False,
34,False,2021-06-22,2021-06-18,ZTAQU,Zimmer Energy Transition Acquisition Corp.,Zimmer Stuart J.,"CEO, 10%",P - Purchase,0.0,3500000.0,12005000.0,41.0,35000000.0,0.0,0.0,0.0,0.0,0.0,0.0,0.0,0.0,0.0,0.0,0.0,0.0,0.0,0.0,0.0,0.0,0.0,0.0,0.0,0.0,0.0,0.0,0.0,0.0,0.0,0.0,0.0,0.0,False,False,False,
35,False,2021-06-22,2021-06-17,ASAN,"Asana, Inc.",Moskovitz Dustin A.,"Pres, CEO, Chair, 10%",P - Purchase,0.0,480000.0,6977046.0,7.0,26934142.0,0.0,0.0,0.0,0.0,0.0,0.0,0.0,0.0,0.0,0.0,0.0,0.0,0.0,0.0,0.0,0.0,0.0,0.0,0.0,0.0,0.0,0.0,0.0,0.0,0.0,0.0,0.0,0.0,False,False,False,
37,False,2021-06-17,2021-06-15,GEO,Geo Group Inc,Zoley George C,"COB, CEO",P - Purchase,0.0,166644.0,3623602.0,5.0,1124047.0,0.0,0.0,0.0,0.0,0.0,0.0,0.0,0.0,0.0,0.0,0.0,0.0,0.0,0.0,0.0,0.0,0.0,0.0,0.0,0.0,0.0,0.0,0.0,0.0,0.0,0.0,0.0,0.0,False,False,False,
36,False,2021-06-17,2021-06-15,ASAN,"Asana, Inc.",Moskovitz Dustin A.,"Pres, CEO, Chair, 10%",P - Purchase,0.0,320000.0,6497046.0,5.0,15392454.0,0.0,0.0,0.0,0.0,0.0,0.0,0.0,0.0,0.0,0.0,0.0,0.0,0.0,0.0,0.0,0.0,0.0,0.0,0.0,0.0,0.0,0.0,0.0,0.0,0.0,0.0,0.0,0.0,False,False,False,
38,False,2021-06-15,2021-06-15,TRUL,Trulieve Cannabis Corp.,Rivers Kim A.,"Pres, CEO, 10%",P - Purchase,0.0,29000.0,77920.0,59.0,1042150.0,0.0,0.0,0.0,0.0,0.0,0.0,0.0,0.0,0.0,0.0,0.0,0.0,0.0,0.0,0.0,0.0,0.0,0.0,0.0,0.0,0.0,0.0,0.0,0.0,0.0,0.0,0.0,0.0,False,False,False,
42,False,2021-06-09,2021-06-07,ASAN,"Asana, Inc.",Moskovitz Dustin A.,"Pres, CEO, Chair, 10%",P - Purchase,0.0,500000.0,5447046.0,10.0,19743586.0,0.0,0.0,0.0,0.0,0.0,0.0,0.0,0.0,0.0,0.0,0.0,0.0,0.0,0.0,0.0,0.0,0.0,0.0,0.0,0.0,0.0,0.0,0.0,0.0,0.0,0.0,0.0,0.0,False,False,False,
41,False,2021-06-09,2021-06-08,AEI,Alset Ehome International Inc.,Chan Heng Fai Ambrose,"CEO, 10%",P - Purchase,0.0,518348.0,518348.0,New,2554305.0,0.0,0.0,0.0,0.0,0.0,0.0,0.0,0.0,0.0,0.0,0.0,0.0,0.0,0.0,0.0,0.0,0.0,0.0,0.0,0.0,0.0,0.0,0.0,0.0,0.0,0.0,0.0,0.0,False,False,False,
44,False,2021-06-08,2021-06-07,EGHT,8X8 Inc ,Sipes David,CEO,P - Purchase,0.0,43000.0,518728.0,9.0,1009210.0,0.0,0.0,0.0,0.0,0.0,0.0,0.0,0.0,0.0,0.0,0.0,0.0,0.0,0.0,0.0,0.0,0.0,0.0,0.0,0.0,0.0,0.0,0.0,0.0,0.0,0.0,0.0,0.0,False,False,False,
43,False,2021-06-08,2021-06-04,BH,Biglari Holdings Inc.,"Biglari, Sardar","COB, CEO, 10%",P - Purchase,0.0,1775.0,1418057.0,0.0,1524948.0,0.0,0.0,0.0,0.0,0.0,0.0,0.0,0.0,0.0,0.0,0.0,0.0,0.0,0.0,0.0,0.0,0.0,0.0,0.0,0.0,0.0,0.0,0.0,0.0,0.0,0.0,0.0,0.0,False,False,False,
45,False,2021-06-08,2021-06-04,RILY,"B. Riley Financial, Inc.",Riley Bryant R,"COB, Co-CEO, 10%",P - Purchase,0.0,33316.0,5694004.0,1.0,2229285.0,0.0,0.0,0.0,0.0,0.0,0.0,0.0,0.0,0.0,0.0,0.0,0.0,0.0,0.0,0.0,0.0,0.0,0.0,0.0,0.0,0.0,0.0,0.0,0.0,0.0,0.0,0.0,0.0,False,False,False,
46,False,2021-06-07,2021-06-03,CYCN,"Cyclerion Therapeutics, Inc.",Hecht Peter M,CEO,P - Purchase,0.0,823170.0,2049153.0,67.0,2699998.0,0.0,0.0,0.0,0.0,0.0,0.0,0.0,0.0,0.0,0.0,0.0,0.0,0.0,0.0,0.0,0.0,0.0,0.0,0.0,0.0,0.0,0.0,0.0,0.0,0.0,0.0,0.0,0.0,False,False,False,
47,False,2021-05-27,2021-05-27,FWAC,Fifth Wall Acquisition Corp. III,Wallace Brendan,"COB, CEO",P - Purchase,0.0,907000.0,907000.0,New,9070000.0,0.0,0.0,0.0,0.0,0.0,0.0,0.0,0.0,0.0,0.0,0.0,0.0,0.0,0.0,0.0,0.0,0.0,0.0,0.0,0.0,0.0,0.0,0.0,0.0,0.0,0.0,0.0,0.0,False,False,False,
49,False,2021-05-26,2021-05-25,PLAG,Planet Green Holdings Corp.,Zhou Bin,"CEO, 10%",P - Purchase,0.0,1320000.0,2942000.0,81.0,3300000.0,0.0,0.0,0.0,0.0,0.0,0.0,0.0,0.0,0.0,0.0,0.0,0.0,0.0,0.0,0.0,0.0,0.0,0.0,0.0,0.0,0.0,0.0,0.0,0.0,0.0,0.0,0.0,0.0,False,False,False,
50,False,2021-05-26,2021-05-25,OPK,"Opko Health, Inc.",Frost Phillip Md Et Al,"CEO, COB, 10%",P - Purchase,0.0,400000.0,225967822.0,0.0,1455972.0,0.0,0.0,0.0,0.0,0.0,0.0,0.0,0.0,0.0,0.0,0.0,0.0,0.0,0.0,0.0,0.0,0.0,0.0,0.0,0.0,0.0,0.0,0.0,0.0,0.0,0.0,0.0,0.0,False,False,False,
48,False,2021-05-26,2021-05-25,AAT,"American Assets Trust, Inc.",Rady Ernest S,"COB, CEO, Pres, 10%",P - Purchase,0.0,30000.0,10621363.0,0.0,1067500.0,0.0,0.0,0.0,0.0,0.0,0.0,0.0,0.0,0.0,0.0,0.0,0.0,0.0,0.0,0.0,0.0,0.0,0.0,0.0,0.0,0.0,0.0,0.0,0.0,0.0,0.0,0.0,0.0,False,False,False,
52,False,2021-05-24,2021-05-21,FRG,"Franchise Group, Inc.",Kahn Brian Randall,"CEO, 10%",P - Purchase,0.0,1000000.0,1342788.0,292.0,36000000.0,0.0,0.0,0.0,0.0,0.0,0.0,0.0,0.0,0.0,0.0,0.0,0.0,0.0,0.0,0.0,0.0,0.0,0.0,0.0,0.0,0.0,0.0,0.0,0.0,0.0,0.0,0.0,0.0,False,False,False,
51,True,2021-05-24,2021-05-20,MCAEU,Mountain Crest Acquisition Corp. III,Liu Suying,"CEO, CFO, 10%",P - Purchase,0.0,110000.0,1541500.0,8.0,1100000.0,0.0,0.0,0.0,0.0,0.0,0.0,0.0,0.0,0.0,0.0,0.0,0.0,0.0,0.0,0.0,0.0,0.0,0.0,0.0,0.0,0.0,0.0,0.0,0.0,0.0,0.0,0.0,0.0,False,False,False,
53,False,2021-05-21,2021-05-17,MICT,"Mict, Inc.",Mercer Darren,CEO,P - Purchase,0.0,6000000.0,6000000.0,New,8460000.0,0.0,0.0,0.0,0.0,0.0,0.0,0.0,0.0,0.0,0.0,0.0,0.0,0.0,0.0,0.0,0.0,0.0,0.0,0.0,0.0,0.0,0.0,0.0,0.0,0.0,0.0,0.0,0.0,False,False,False,
54,False,2021-05-19,2021-05-17,APP,Applovin Corp,Foroughi Arash Adam,"CEO, Chairperson, 10%",P - Purchase,0.0,100000.0,100000.0,New,6172004.0,0.0,0.0,0.0,0.0,0.0,0.0,0.0,0.0,0.0,0.0,0.0,0.0,0.0,0.0,0.0,0.0,0.0,0.0,0.0,0.0,0.0,0.0,0.0,0.0,0.0,0.0,0.0,0.0,False,False,False,
55,False,2021-05-14,2021-05-12,SMMT,Summit Therapeutics Inc.,Duggan Robert W,"CEO, 10%",P - Purchase,0.0,11365921.0,67662454.0,20.0,59557426.0,0.0,0.0,0.0,0.0,0.0,0.0,0.0,0.0,0.0,0.0,0.0,0.0,0.0,0.0,0.0,0.0,0.0,0.0,0.0,0.0,0.0,0.0,0.0,0.0,0.0,0.0,0.0,0.0,False,False,False,
57,False,2021-05-13,2021-05-13,CNP,Centerpoint Energy Inc,Lesar David J,"Pres, CEO",P - Purchase,0.0,50000.0,329722.0,18.0,1179000.0,0.0,0.0,0.0,0.0,0.0,0.0,0.0,0.0,0.0,0.0,0.0,0.0,0.0,0.0,0.0,0.0,0.0,0.0,0.0,0.0,0.0,0.0,0.0,0.0,0.0,0.0,0.0,0.0,False,False,False,
56,False,2021-05-13,2021-05-11,BH,Biglari Holdings Inc.,"Biglari, Sardar","COB, CEO, 10%",P - Purchase,0.0,20000.0,1415428.0,1.0,3413845.0,0.0,0.0,0.0,0.0,0.0,0.0,0.0,0.0,0.0,0.0,0.0,0.0,0.0,0.0,0.0,0.0,0.0,0.0,0.0,0.0,0.0,0.0,0.0,0.0,0.0,0.0,0.0,0.0,False,False,False,
58,False,2021-05-12,2021-05-10,AAT,"American Assets Trust, Inc.",Rady Ernest S,"COB, CEO, Pres, 10%",P - Purchase,0.0,56226.0,10575691.0,1.0,1933884.0,0.0,0.0,0.0,0.0,0.0,0.0,0.0,0.0,0.0,0.0,0.0,0.0,0.0,0.0,0.0,0.0,0.0,0.0,0.0,0.0,0.0,0.0,0.0,0.0,0.0,0.0,0.0,0.0,False,False,False,
60,False,2021-05-06,2021-05-04,CYCN,"Cyclerion Therapeutics, Inc.",Hecht Peter M,CEO,P - Purchase,0.0,698001.0,923983.0,309.0,1693943.0,0.0,0.0,0.0,0.0,0.0,0.0,0.0,0.0,0.0,0.0,0.0,0.0,0.0,0.0,0.0,0.0,0.0,0.0,0.0,0.0,0.0,0.0,0.0,0.0,0.0,0.0,0.0,0.0,False,False,False,
61,False,2021-05-05,2021-05-03,AAT,"American Assets Trust, Inc.",Rady Ernest S,"COB, CEO, Pres, 10%",P - Purchase,0.0,59947.0,10488593.0,1.0,2076752.0,0.0,0.0,0.0,0.0,0.0,0.0,0.0,0.0,0.0,0.0,0.0,0.0,0.0,0.0,0.0,0.0,0.0,0.0,0.0,0.0,0.0,0.0,0.0,0.0,0.0,0.0,0.0,0.0,False,False,False,
62,False,2021-04-22,2021-04-19,VPLM,Voip-Pal.Com Inc,Malak Magdi Emil,CEO,P - Purchase,0.0,513535229.0,159590142.0,-145.0,10784240.0,0.0,0.0,0.0,0.0,0.0,0.0,0.0,0.0,0.0,0.0,0.0,0.0,0.0,0.0,0.0,0.0,0.0,0.0,0.0,0.0,0.0,0.0,0.0,0.0,0.0,0.0,0.0,0.0,False,False,False,
63,False,2021-04-21,2021-04-19,GBX,Greenbrier Companies Inc,Furman William A,"COB, CEO",P - Purchase,0.0,50000.0,562518.0,10.0,2192305.0,0.0,0.0,0.0,0.0,0.0,0.0,0.0,0.0,0.0,0.0,0.0,0.0,0.0,0.0,0.0,0.0,0.0,0.0,0.0,0.0,0.0,0.0,0.0,0.0,0.0,0.0,0.0,0.0,False,False,False,
64,False,2021-04-19,2021-04-19,NRZ,New Residential Investment Corp.,Nierenberg Michael,"COB, CEO, Pres",P - Purchase,0.0,100000.0,1195119.0,9.0,1010000.0,0.0,0.0,0.0,0.0,0.0,0.0,0.0,0.0,0.0,0.0,0.0,0.0,0.0,0.0,0.0,0.0,0.0,0.0,0.0,0.0,0.0,0.0,0.0,0.0,0.0,0.0,0.0,0.0,False,False,False,
65,True,2021-04-15,2021-04-13,GLSPU,"Global Spac Partners Co,",Edwards Bryant B,"CEO, 10%",P - Purchase,0.0,530000.0,530000.0,New,5300000.0,0.0,0.0,0.0,0.0,0.0,0.0,0.0,0.0,0.0,0.0,0.0,0.0,0.0,0.0,0.0,0.0,0.0,0.0,0.0,0.0,0.0,0.0,0.0,0.0,0.0,0.0,0.0,0.0,False,False,False,
66,True,2021-04-15,2021-04-13,NH,"Nanthealth, Inc.",Soon-Shiong Patrick,"CEO, 10%",P - Purchase,0.0,1689189.0,66802600.0,3.0,4999999.0,0.0,0.0,0.0,0.0,0.0,0.0,0.0,0.0,0.0,0.0,0.0,0.0,0.0,0.0,0.0,0.0,0.0,0.0,0.0,0.0,0.0,0.0,0.0,0.0,0.0,0.0,0.0,0.0,False,False,False,
67,False,2021-04-14,2021-04-12,ADF,Aldel Financial Inc.,Kauffman Robert I,"CEO, 10%",P - Purchase,0.0,515000.0,515000.0,New,5150000.0,0.0,0.0,0.0,0.0,0.0,0.0,0.0,0.0,0.0,0.0,0.0,0.0,0.0,0.0,0.0,0.0,0.0,0.0,0.0,0.0,0.0,0.0,0.0,0.0,0.0,0.0,0.0,0.0,False,False,False,
68,False,2021-04-07,2021-04-05,MBTCU,Nocturne Acquisition Corp,Monzon Henry,"COB, CEO, 10%",P - Purchase,0.0,450000.0,450000.0,New,4500000.0,0.0,0.0,0.0,0.0,0.0,0.0,0.0,0.0,0.0,0.0,0.0,0.0,0.0,0.0,0.0,0.0,0.0,0.0,0.0,0.0,0.0,0.0,0.0,0.0,0.0,0.0,0.0,0.0,False,False,False,
69,False,2021-04-06,2021-04-06,COMP,"Compass, Inc.",Reffkin Robert L.,"COB, CEO",P - Purchase,0.0,411111.0,9023131.0,5.0,7399998.0,0.0,0.0,0.0,0.0,0.0,0.0,0.0,0.0,0.0,0.0,0.0,0.0,0.0,0.0,0.0,0.0,0.0,0.0,0.0,0.0,0.0,0.0,0.0,0.0,0.0,0.0,0.0,0.0,False,False,False,
70,True,2021-04-06,2021-04-01,RPLA,Replay Acquisition Corp.,Safra Edmond,"Co-CEO, 10%",P - Purchase,0.0,1000000.0,0.0,-100.0,10000000.0,0.0,0.0,0.0,0.0,0.0,0.0,0.0,0.0,0.0,0.0,0.0,0.0,0.0,0.0,0.0,0.0,0.0,0.0,0.0,0.0,0.0,0.0,0.0,0.0,0.0,0.0,0.0,0.0,False,False,False,
71,False,2021-04-05,2021-04-01,HPK,"Highpeak Energy, Inc.",Hightower Jack,"CEO, 10%",P - Purchase,0.0,276223.0,276223.0,New,1827648.0,0.0,0.0,0.0,0.0,0.0,0.0,0.0,0.0,0.0,0.0,0.0,0.0,0.0,0.0,0.0,0.0,0.0,0.0,0.0,0.0,0.0,0.0,0.0,0.0,0.0,0.0,0.0,0.0,False,False,False,
73,False,2021-03-30,2021-03-26,CASI,"Casi Pharmaceuticals, Inc.",He Wei-Wu,"COB, CEO",P - Purchase,0.0,3000000.0,15657413.0,24.0,6150000.0,0.0,0.0,0.0,0.0,0.0,0.0,0.0,0.0,0.0,0.0,0.0,0.0,0.0,0.0,0.0,0.0,0.0,0.0,0.0,0.0,0.0,0.0,0.0,0.0,0.0,0.0,0.0,0.0,False,False,False,
74,True,2021-03-25,2021-03-23,TIL,"Instil Bio, Inc.",Crouch Bronson,"CEO, COB, 10%",P - Purchase,0.0,450000.0,42917945.0,1.0,9000000.0,0.0,0.0,0.0,0.0,0.0,0.0,0.0,0.0,0.0,0.0,0.0,0.0,0.0,0.0,0.0,0.0,0.0,0.0,0.0,0.0,0.0,0.0,0.0,0.0,0.0,0.0,0.0,0.0,False,False,False,
75,True,2021-03-19,2021-03-17,THRY,"Thryv Holdings, Inc.",Walsh Joe,"CEO, Pres",P - Purchase,0.0,200000.0,1886934.0,12.0,3734000.0,0.0,0.0,0.0,0.0,0.0,0.0,0.0,0.0,0.0,0.0,0.0,0.0,0.0,0.0,0.0,0.0,0.0,0.0,0.0,0.0,0.0,0.0,0.0,0.0,0.0,0.0,0.0,0.0,False,False,False,
76,False,2021-03-17,2021-03-16,GOCO,"Gohealth, Inc.",Jones Clinton P.,"CEO, 10%",P - Purchase,0.0,178000.0,93034842.0,0.0,2025462.0,0.0,0.0,0.0,0.0,0.0,0.0,0.0,0.0,0.0,0.0,0.0,0.0,0.0,0.0,0.0,0.0,0.0,0.0,0.0,0.0,0.0,0.0,0.0,0.0,0.0,0.0,0.0,0.0,False,False,False,
77,True,2021-03-17,2021-03-15,MCADU,Archimedes Tech Spac Partners Co,Cannon Stephen N,"CEO, 10%",P - Purchase,0.0,330000.0,3705000.0,10.0,3300000.0,0.0,0.0,0.0,0.0,0.0,0.0,0.0,0.0,0.0,0.0,0.0,0.0,0.0,0.0,0.0,0.0,0.0,0.0,0.0,0.0,0.0,0.0,0.0,0.0,0.0,0.0,0.0,0.0,False,False,False,
78,False,2021-03-09,2021-03-02,TWLVU,Twelve Seas Investment Co. II,Elkin Dimitri,"CEO, 10%",P - Purchase,0.0,600000.0,600000.0,New,6000000.0,0.0,0.0,0.0,0.0,0.0,0.0,0.0,0.0,0.0,0.0,0.0,0.0,0.0,0.0,0.0,0.0,0.0,0.0,0.0,0.0,0.0,0.0,0.0,0.0,0.0,0.0,0.0,0.0,False,False,False,
81,False,2021-03-08,2021-03-05,ADT,Adt Inc.,Devries James David,"Pres, CEO",P - Purchase,0.0,143000.0,3918281.0,4.0,1019347.0,0.0,0.0,0.0,0.0,0.0,0.0,0.0,0.0,0.0,0.0,0.0,0.0,0.0,0.0,0.0,0.0,0.0,0.0,0.0,0.0,0.0,0.0,0.0,0.0,0.0,0.0,0.0,0.0,False,False,False,
79,True,2021-03-08,2021-03-05,ROCRU,Roth Ch Acquisition III Co,Roth Byron,Co-CEO,P - Purchase,0.0,138937.0,460915.0,43.0,1389370.0,0.0,0.0,0.0,0.0,0.0,0.0,0.0,0.0,0.0,0.0,0.0,0.0,0.0,0.0,0.0,0.0,0.0,0.0,0.0,0.0,0.0,0.0,0.0,0.0,0.0,0.0,0.0,0.0,False,False,False,
80,False,2021-03-08,2021-03-05,OPK,"Opko Health, Inc.",Frost Phillip Md Et Al,"CEO, COB, 10%",P - Purchase,0.0,300000.0,225367822.0,0.0,1173841.0,0.0,0.0,0.0,0.0,0.0,0.0,0.0,0.0,0.0,0.0,0.0,0.0,0.0,0.0,0.0,0.0,0.0,0.0,0.0,0.0,0.0,0.0,0.0,0.0,0.0,0.0,0.0,0.0,False,False,False,
82,True,2021-03-04,2021-03-02,EDIT,"Editas Medicine, Inc.",Mullen James C,CEO,P - Purchase,0.0,25000.0,35000.0,250.0,1156800.0,0.0,0.0,0.0,0.0,0.0,0.0,0.0,0.0,0.0,0.0,0.0,0.0,0.0,0.0,0.0,0.0,0.0,0.0,0.0,0.0,0.0,0.0,0.0,0.0,0.0,0.0,0.0,0.0,False,False,False,
83,False,2021-03-01,2021-02-09,FWAA,Fifth Wall Acquisition Corp. I,Wallace Brendan,"COB, CEO",P - Purchase,0.0,1047500.0,1047500.0,New,10475000.0,0.0,0.0,0.0,0.0,0.0,0.0,0.0,0.0,0.0,0.0,0.0,0.0,0.0,0.0,0.0,0.0,0.0,0.0,0.0,0.0,0.0,0.0,0.0,0.0,0.0,0.0,0.0,0.0,False,False,False,
84,True,2021-02-24,2021-02-22,FSRXU,Finserv Acquisition Corp. II,Einbinder Lee,"CEO, 10%",P - Purchase,0.0,800000.0,800000.0,New,8000000.0,0.0,0.0,0.0,0.0,0.0,0.0,0.0,0.0,0.0,0.0,0.0,0.0,0.0,0.0,0.0,0.0,0.0,0.0,0.0,0.0,0.0,0.0,0.0,0.0,0.0,0.0,0.0,0.0,False,False,False,
85,False,2021-02-23,2021-02-23,INCY,Incyte Corp,Hoppenot Herve,"COB ,  CEO",P - Purchase,0.0,12925.0,350465.0,4.0,1000007.0,0.0,0.0,0.0,0.0,0.0,0.0,0.0,0.0,0.0,0.0,0.0,0.0,0.0,0.0,0.0,0.0,0.0,0.0,0.0,0.0,0.0,0.0,0.0,0.0,0.0,0.0,0.0,0.0,False,False,False,
87,True,2021-02-22,2021-02-19,OPK,"Opko Health, Inc.",Frost Phillip Md Et Al,"CEO, COB, 10%",P - Purchase,0.0,500000.0,225067822.0,0.0,2383455.0,0.0,0.0,0.0,0.0,0.0,0.0,0.0,0.0,0.0,0.0,0.0,0.0,0.0,0.0,0.0,0.0,0.0,0.0,0.0,0.0,0.0,0.0,0.0,0.0,0.0,0.0,0.0,0.0,False,False,False,
86,False,2021-02-22,2021-02-18,AAT,"American Assets Trust, Inc.",Rady Ernest S,"COB, CEO, Pres, 10%",P - Purchase,0.0,117998.0,10411446.0,1.0,3480457.0,0.0,0.0,0.0,0.0,0.0,0.0,0.0,0.0,0.0,0.0,0.0,0.0,0.0,0.0,0.0,0.0,0.0,0.0,0.0,0.0,0.0,0.0,0.0,0.0,0.0,0.0,0.0,0.0,False,False,False,
88,False,2021-02-19,2020-10-01,IMPX,Aea-Bridges Impact Corp.,Garcia John L,Co-CEO,P - Purchase,0.0,2500000.0,2500000.0,New,25000000.0,0.0,0.0,0.0,0.0,0.0,0.0,0.0,0.0,0.0,0.0,0.0,0.0,0.0,0.0,0.0,0.0,0.0,0.0,0.0,0.0,0.0,0.0,0.0,0.0,0.0,0.0,0.0,0.0,False,False,False,
89,True,2021-02-18,2021-02-16,BMBL,Bumble Inc.,Herd Whitney Wolfe,"CEO, Dir, 10%",P - Purchase,0.0,488371.0,23256.0,-105.0,20999953.0,0.0,0.0,0.0,0.0,0.0,0.0,0.0,0.0,0.0,0.0,0.0,0.0,0.0,0.0,0.0,0.0,0.0,0.0,0.0,0.0,0.0,0.0,0.0,0.0,0.0,0.0,0.0,0.0,False,False,False,
90,False,2021-02-12,2021-02-10,PW,Power Reit,Lesser David H,"CEO, Secretary, Treasurer, 10%",P - Purchase,0.0,478773.0,986990.0,94.0,12687485.0,0.0,0.0,0.0,0.0,0.0,0.0,0.0,0.0,0.0,0.0,0.0,0.0,0.0,0.0,0.0,0.0,0.0,0.0,0.0,0.0,0.0,0.0,0.0,0.0,0.0,0.0,0.0,0.0,False,False,False,
91,False,2021-02-11,2021-02-09,GBX,Greenbrier Companies Inc,Furman William A,"COB, CEO",P - Purchase,0.0,50000.0,512518.0,11.0,2178701.0,0.0,0.0,0.0,0.0,0.0,0.0,0.0,0.0,0.0,0.0,0.0,0.0,0.0,0.0,0.0,0.0,0.0,0.0,0.0,0.0,0.0,0.0,0.0,0.0,0.0,0.0,0.0,0.0,False,False,False,
92,True,2021-02-05,2021-02-04,HOG,"Harley-Davidson, Inc.",Zeitz Jochen,"Pres, CEO",P - Purchase,0.0,30800.0,253720.0,14.0,1000165.0,0.0,0.0,0.0,0.0,0.0,0.0,0.0,0.0,0.0,0.0,0.0,0.0,0.0,0.0,0.0,0.0,0.0,0.0,0.0,0.0,0.0,0.0,0.0,0.0,0.0,0.0,0.0,0.0,False,False,False,
93,False,2021-02-02,2021-02-02,BLUA,Blueriver Acquisition Corp.,Gregg John F,"Co-CEO, 10%",P - Purchase,0.0,725000.0,725000.0,New,7250000.0,0.0,0.0,0.0,0.0,0.0,0.0,0.0,0.0,0.0,0.0,0.0,0.0,0.0,0.0,0.0,0.0,0.0,0.0,0.0,0.0,0.0,0.0,0.0,0.0,0.0,0.0,0.0,0.0,False,False,False,
95,False,2021-02-02,2021-02-01,SRGA,"Surgalign Holdings, Inc.",Rich Terry M.,"Pres, CEO",P - Purchase,0.0,808204.0,1100936.0,276.0,1212306.0,0.0,0.0,0.0,0.0,0.0,0.0,0.0,0.0,0.0,0.0,0.0,0.0,0.0,0.0,0.0,0.0,0.0,0.0,0.0,0.0,0.0,0.0,0.0,0.0,0.0,0.0,0.0,0.0,False,False,False,
96,False,2021-01-28,2021-01-26,LMACA,Liberty Media Acquisition Corp,Maffei Gregory B,"Pres, CEO",P - Purchase,0.0,740251.0,740251.0,New,7402510.0,0.0,0.0,0.0,0.0,0.0,0.0,0.0,0.0,0.0,0.0,0.0,0.0,0.0,0.0,0.0,0.0,0.0,0.0,0.0,0.0,0.0,0.0,0.0,0.0,0.0,0.0,0.0,0.0,False,False,False,
97,False,2021-01-27,2021-01-25,INTC,Intel Corp,Swan Robert Holmes,CEO,P - Purchase,0.0,27244.0,488307.0,6.0,1514004.0,0.0,0.0,0.0,0.0,0.0,0.0,0.0,0.0,0.0,0.0,0.0,0.0,0.0,0.0,0.0,0.0,0.0,0.0,0.0,0.0,0.0,0.0,0.0,0.0,0.0,0.0,0.0,0.0,False,False,False,
101,True,2021-01-14,2021-01-12,MCADU,Mountain Crest Acquisition Corp II,Liu Suying,"CEO, 10%",P - Purchase,0.0,135000.0,1566500.0,9.0,1350000.0,0.0,0.0,0.0,0.0,0.0,0.0,0.0,0.0,0.0,0.0,0.0,0.0,0.0,0.0,0.0,0.0,0.0,0.0,0.0,0.0,0.0,0.0,0.0,0.0,0.0,0.0,0.0,0.0,False,False,False,
100,True,2021-01-14,2021-01-12,SVFA,Svf Investment Corp.,Misra Rajeev,CEO,P - Purchase,0.0,2377000.0,2377000.0,New,23770000.0,0.0,0.0,0.0,0.0,0.0,0.0,0.0,0.0,0.0,0.0,0.0,0.0,0.0,0.0,0.0,0.0,0.0,0.0,0.0,0.0,0.0,0.0,0.0,0.0,0.0,0.0,0.0,0.0,False,False,False,
98,False,2021-01-14,2021-01-14,BCYP,Big Cypress Acquisition Corp.,Reich Samuel J,"CEO, CFO, 10%",P - Purchase,0.0,417200.0,3047825.0,16.0,4172000.0,0.0,0.0,0.0,0.0,0.0,0.0,0.0,0.0,0.0,0.0,0.0,0.0,0.0,0.0,0.0,0.0,0.0,0.0,0.0,0.0,0.0,0.0,0.0,0.0,0.0,0.0,0.0,0.0,False,False,False,
102,False,2021-01-13,2021-01-11,OMEG,Omega Alpha Spac,Stampacchia Otello,"CEO, 10%",P - Purchase,0.0,501000.0,501000.0,New,5010000.0,0.0,0.0,0.0,0.0,0.0,0.0,0.0,0.0,0.0,0.0,0.0,0.0,0.0,0.0,0.0,0.0,0.0,0.0,0.0,0.0,0.0,0.0,0.0,0.0,0.0,0.0,0.0,0.0,False,False,False,
103,False,2021-01-13,2021-01-13,RILY,"B. Riley Financial, Inc.",Riley Bryant R,"COB, Co-CEO, 10%",P - Purchase,0.0,100000.0,5563837.0,2.0,4600000.0,0.0,0.0,0.0,0.0,0.0,0.0,0.0,0.0,0.0,0.0,0.0,0.0,0.0,0.0,0.0,0.0,0.0,0.0,0.0,0.0,0.0,0.0,0.0,0.0,0.0,0.0,0.0,0.0,False,False,False,
106,False,2021-01-12,2021-01-08,AKICU,Sports Ventures Acquisition Corp.,Kestenbaum Alan,"CEO, 10%",P - Purchase,0.0,660000.0,660000.0,New,6600000.0,0.0,0.0,0.0,0.0,0.0,0.0,0.0,0.0,0.0,0.0,0.0,0.0,0.0,0.0,0.0,0.0,0.0,0.0,0.0,0.0,0.0,0.0,0.0,0.0,0.0,0.0,0.0,0.0,False,False,False,
104,True,2021-01-12,2021-01-12,SWBK.,Switchback II Corp,McNeill Scott K.,"Co-CEO, 10%",P - Purchase,0.0,100000.0,100000.0,New,1000000.0,0.0,0.0,0.0,0.0,0.0,0.0,0.0,0.0,0.0,0.0,0.0,0.0,0.0,0.0,0.0,0.0,0.0,0.0,0.0,0.0,0.0,0.0,0.0,0.0,0.0,0.0,0.0,0.0,False,False,False,
107,False,2020-12-29,2020-12-28,OPK,"Opko Health, Inc.",Frost Phillip Md Et Al,"CEO, COB, 10%",P - Purchase,0.0,300000.0,224567822.0,0.0,1199500.0,0.0,0.0,0.0,0.0,0.0,0.0,0.0,0.0,0.0,0.0,0.0,0.0,0.0,0.0,0.0,0.0,0.0,0.0,0.0,0.0,0.0,0.0,0.0,0.0,0.0,0.0,0.0,0.0,False,False,False,
108,False,2020-12-23,2020-12-21,ODT,"Odonate Therapeutics, Inc.",Tang Kevin C,"CEO, 10%",P - Purchase,0.0,275784.0,15514566.0,2.0,4181208.0,0.0,0.0,0.0,0.0,0.0,0.0,0.0,0.0,0.0,0.0,0.0,0.0,0.0,0.0,0.0,0.0,0.0,0.0,0.0,0.0,0.0,0.0,0.0,0.0,0.0,0.0,0.0,0.0,False,False,False,
109,False,2020-12-18,2020-12-18,ATH,Athene Holding Ltd,Belardi James Richard,"COB, CEO, CIO",P - Purchase,0.0,40000.0,40000.0,New,1000000.0,0.0,0.0,0.0,0.0,0.0,0.0,0.0,0.0,0.0,0.0,0.0,0.0,0.0,0.0,0.0,0.0,0.0,0.0,0.0,0.0,0.0,0.0,0.0,0.0,0.0,0.0,0.0,0.0,False,False,False,
110,True,2020-12-17,2020-12-15,ROCCU,Roth Ch Acquisition II Co,Roth Byron,"CEO, 10%",P - Purchase,0.0,190667.0,2184000.0,10.0,1906670.0,0.0,0.0,0.0,0.0,0.0,0.0,0.0,0.0,0.0,0.0,0.0,0.0,0.0,0.0,0.0,0.0,0.0,0.0,0.0,0.0,0.0,0.0,0.0,0.0,0.0,0.0,0.0,0.0,False,False,False,
111,False,2020-12-16,2020-12-16,SONA,Southern National Bancorp of Virginia Inc,Zember Dennis J Jr,"Pres, CEO",P - Purchase,0.0,100000.0,150000.0,200.0,1157000.0,0.0,0.0,0.0,0.0,0.0,0.0,0.0,0.0,0.0,0.0,0.0,0.0,0.0,0.0,0.0,0.0,0.0,0.0,0.0,0.0,0.0,0.0,0.0,0.0,0.0,0.0,0.0,0.0,False,False,False,
112,True,2020-12-11,2020-12-11,FLAC,Frazier Lifesciences Acquisition Corp,Topper James N,CEO,P - Purchase,0.0,1000000.0,1000000.0,New,10000000.0,0.0,0.0,0.0,0.0,0.0,0.0,0.0,0.0,0.0,0.0,0.0,0.0,0.0,0.0,0.0,0.0,0.0,0.0,0.0,0.0,0.0,0.0,0.0,0.0,0.0,0.0,0.0,0.0,False,False,False,
113,False,2020-12-10,2020-12-08,BH,Biglari Holdings Inc.,"Biglari, Sardar","COB, CEO, 10%",P - Purchase,0.0,11054.0,1388364.0,1.0,1560405.0,0.0,0.0,0.0,0.0,0.0,0.0,0.0,0.0,0.0,0.0,0.0,0.0,0.0,0.0,0.0,0.0,0.0,0.0,0.0,0.0,0.0,0.0,0.0,0.0,0.0,0.0,0.0,0.0,False,False,False,
114,False,2020-12-02,2020-11-30,AAT,"American Assets Trust, Inc.",Rady Ernest S,"COB, CEO, Pres, 10%",P - Purchase,0.0,50089.0,10212805.0,0.0,1452131.0,0.0,0.0,0.0,0.0,0.0,0.0,0.0,0.0,0.0,0.0,0.0,0.0,0.0,0.0,0.0,0.0,0.0,0.0,0.0,0.0,0.0,0.0,0.0,0.0,0.0,0.0,0.0,0.0,False,False,False,
115,False,2020-12-01,2020-11-27,GNPK,Genesis Park Acquisition Corp.,Hobby Paul W,CEO,P - Purchase,0.0,100000.0,100000.0,New,1000000.0,0.0,0.0,0.0,0.0,0.0,0.0,0.0,0.0,0.0,0.0,0.0,0.0,0.0,0.0,0.0,0.0,0.0,0.0,0.0,0.0,0.0,0.0,0.0,0.0,0.0,0.0,0.0,0.0,False,False,False,
116,False,2020-11-27,2020-11-24,CAS.U,Cascade Acquisition Corp,Levine Jay N.,"CEO, 10%",P - Purchase,0.0,250000.0,250000.0,New,2500000.0,0.0,0.0,0.0,0.0,0.0,0.0,0.0,0.0,0.0,0.0,0.0,0.0,0.0,0.0,0.0,0.0,0.0,0.0,0.0,0.0,0.0,0.0,0.0,0.0,0.0,0.0,0.0,0.0,False,False,False,
117,False,2020-11-24,2020-11-20,BH,Biglari Holdings Inc.,"Biglari, Sardar","COB, CEO, 10%",P - Purchase,0.0,23613.0,1367675.0,2.0,2589523.0,0.0,0.0,0.0,0.0,0.0,0.0,0.0,0.0,0.0,0.0,0.0,0.0,0.0,0.0,0.0,0.0,0.0,0.0,0.0,0.0,0.0,0.0,0.0,0.0,0.0,0.0,0.0,0.0,False,False,False,
118,True,2020-11-18,2020-11-17,CTGO,"Contango Ore, Inc.",Van Nieuwenhuyse Rick,"Pres, CEO",P - Purchase,0.0,70000.0,220472.0,47.0,1050000.0,0.0,0.0,0.0,0.0,0.0,0.0,0.0,0.0,0.0,0.0,0.0,0.0,0.0,0.0,0.0,0.0,0.0,0.0,0.0,0.0,0.0,0.0,0.0,0.0,0.0,0.0,0.0,0.0,False,False,False,
119,False,2020-11-17,2020-11-16,BH,Biglari Holdings Inc.,"Biglari, Sardar","COB, CEO, 10%",P - Purchase,0.0,37059.0,1344062.0,3.0,3811068.0,0.0,0.0,0.0,0.0,0.0,0.0,0.0,0.0,0.0,0.0,0.0,0.0,0.0,0.0,0.0,0.0,0.0,0.0,0.0,0.0,0.0,0.0,0.0,0.0,0.0,0.0,0.0,0.0,False,False,False,
120,True,2020-11-17,2020-11-13,GSKY,"Greensky, Inc.",Zalik David,"CEO, COB",P - Purchase,0.0,1105220.0,65492863.0,2.0,3834119.0,0.0,0.0,0.0,0.0,0.0,0.0,0.0,0.0,0.0,0.0,0.0,0.0,0.0,0.0,0.0,0.0,0.0,0.0,0.0,0.0,0.0,0.0,0.0,0.0,0.0,0.0,0.0,0.0,False,False,False,
121,True,2020-11-16,2020-11-11,NOAC,Natural Order Acquisition Corp.,Patel Paresh Dinesh,"Pres, CEO, 10%",P - Purchase,0.0,511000.0,6161000.0,9.0,5110549.0,0.0,0.0,0.0,0.0,0.0,0.0,0.0,0.0,0.0,0.0,0.0,0.0,0.0,0.0,0.0,0.0,0.0,0.0,0.0,0.0,0.0,0.0,0.0,0.0,0.0,0.0,0.0,0.0,False,False,False,
122,False,2020-11-12,2020-11-03,NBA.U,New Beginnings Acquisition Corp.,Liebowitz Michael,"CEO, 10%",P - Purchase,0.0,545000.0,3366000.0,19.0,5450000.0,0.0,0.0,0.0,0.0,0.0,0.0,0.0,0.0,0.0,0.0,0.0,0.0,0.0,0.0,0.0,0.0,0.0,0.0,0.0,0.0,0.0,0.0,0.0,0.0,0.0,0.0,0.0,0.0,False,False,False,
123,False,2020-11-12,2020-11-09,AAT,"American Assets Trust, Inc.",Rady Ernest S,"COB, CEO, Pres, 10%",P - Purchase,0.0,54994.0,10160522.0,1.0,1414436.0,0.0,0.0,0.0,0.0,0.0,0.0,0.0,0.0,0.0,0.0,0.0,0.0,0.0,0.0,0.0,0.0,0.0,0.0,0.0,0.0,0.0,0.0,0.0,0.0,0.0,0.0,0.0,0.0,False,False,False,
124,False,2020-11-10,2020-11-06,SMMT,Summit Therapeutics Inc.,Duggan Robert W,"CEO, 10%",P - Purchase,0.0,14071856.0,56296533.0,33.0,46999999.0,0.0,0.0,0.0,0.0,0.0,0.0,0.0,0.0,0.0,0.0,0.0,0.0,0.0,0.0,0.0,0.0,0.0,0.0,0.0,0.0,0.0,0.0,0.0,0.0,0.0,0.0,0.0,0.0,False,False,False,
125,False,2020-11-06,2020-11-05,AAT,"American Assets Trust, Inc.",Rady Ernest S,"COB, CEO, Pres, 10%",P - Purchase,0.0,130000.0,10105528.0,1.0,2793700.0,0.0,0.0,0.0,0.0,0.0,0.0,0.0,0.0,0.0,0.0,0.0,0.0,0.0,0.0,0.0,0.0,0.0,0.0,0.0,0.0,0.0,0.0,0.0,0.0,0.0,0.0,0.0,0.0,False,False,False,
126,False,2020-11-05,2020-11-03,RILY,"B. Riley Financial, Inc.",Riley Bryant R,"COB, Co-CEO, 10%",P - Purchase,0.0,141728.0,5347997.0,3.0,3778213.0,0.0,0.0,0.0,0.0,0.0,0.0,0.0,0.0,0.0,0.0,0.0,0.0,0.0,0.0,0.0,0.0,0.0,0.0,0.0,0.0,0.0,0.0,0.0,0.0,0.0,0.0,0.0,0.0,False,False,False,
127,False,2020-11-04,2020-11-02,AAT,"American Assets Trust, Inc.",Rady Ernest S,"COB, CEO, Pres, 10%",P - Purchase,0.0,175739.0,9975528.0,2.0,3802938.0,0.0,0.0,0.0,0.0,0.0,0.0,0.0,0.0,0.0,0.0,0.0,0.0,0.0,0.0,0.0,0.0,0.0,0.0,0.0,0.0,0.0,0.0,0.0,0.0,0.0,0.0,0.0,0.0,False,False,False,
129,False,2020-11-02,2020-10-30,OPK,"Opko Health, Inc.",Frost Phillip Md Et Al,"CEO, COB, 10%",P - Purchase,0.0,600000.0,224017822.0,0.0,2072820.0,0.0,0.0,0.0,0.0,0.0,0.0,0.0,0.0,0.0,0.0,0.0,0.0,0.0,0.0,0.0,0.0,0.0,0.0,0.0,0.0,0.0,0.0,0.0,0.0,0.0,0.0,0.0,0.0,False,False,False,
130,False,2020-11-02,2020-10-30,INOV,"Inovalon Holdings, Inc.",Dunleavy Keith R,"CEO, COB, 10%",P - Purchase,0.0,60000.0,660000.0,10.0,1177140.0,0.0,0.0,0.0,0.0,0.0,0.0,0.0,0.0,0.0,0.0,0.0,0.0,0.0,0.0,0.0,0.0,0.0,0.0,0.0,0.0,0.0,0.0,0.0,0.0,0.0,0.0,0.0,0.0,False,False,False,
131,False,2020-10-30,2020-10-28,RTX,Raytheon Technologies Corp,Hayes Gregory,"Pres, CEO",P - Purchase,0.0,55000.0,270558.0,26.0,3014999.0,0.0,0.0,0.0,0.0,0.0,0.0,0.0,0.0,0.0,0.0,0.0,0.0,0.0,0.0,0.0,0.0,0.0,0.0,0.0,0.0,0.0,0.0,0.0,0.0,0.0,0.0,0.0,0.0,False,False,False,
132,False,2020-10-28,2020-10-26,LOB,"Live Oak Bancshares, Inc.",Mahan James S III,"CEO, 10%",P - Purchase,0.0,154384.0,6622675.0,2.0,5277476.0,0.0,0.0,0.0,0.0,0.0,0.0,0.0,0.0,0.0,0.0,0.0,0.0,0.0,0.0,0.0,0.0,0.0,0.0,0.0,0.0,0.0,0.0,0.0,0.0,0.0,0.0,0.0,0.0,False,False,False,
133,False,2020-10-26,2020-10-22,ADC,Agree Realty Corp,Agree Joey,"Pres, CEO",P - Purchase,0.0,15293.0,388620.0,4.0,1004607.0,0.0,0.0,0.0,0.0,0.0,0.0,0.0,0.0,0.0,0.0,0.0,0.0,0.0,0.0,0.0,0.0,0.0,0.0,0.0,0.0,0.0,0.0,0.0,0.0,0.0,0.0,0.0,0.0,False,False,False,
134,False,2020-10-22,2020-10-22,HLXA,Helix Acquisition Corp,Chen Bihua,"CEO, COB, 10%",P - Purchase,0.0,430000.0,430000.0,New,4300000.0,0.0,0.0,0.0,0.0,0.0,0.0,0.0,0.0,0.0,0.0,0.0,0.0,0.0,0.0,0.0,0.0,0.0,0.0,0.0,0.0,0.0,0.0,0.0,0.0,0.0,0.0,0.0,0.0,False,False,False,
135,True,2020-10-19,2020-10-19,ARRY,"Array Technologies, Inc.",Fusaro James Macmillan,CEO,P - Purchase,0.0,182772.0,182772.0,New,4020984.0,0.0,0.0,0.0,0.0,0.0,0.0,0.0,0.0,0.0,0.0,0.0,0.0,0.0,0.0,0.0,0.0,0.0,0.0,0.0,0.0,0.0,0.0,0.0,0.0,0.0,0.0,0.0,0.0,False,False,False,
136,False,2020-10-16,2020-10-14,EBC,"Eastern Bankshares, Inc.",Rivers Robert Francis,"Chair, CEO",P - Purchase,0.0,200000.0,200000.0,New,2000000.0,0.0,0.0,0.0,0.0,0.0,0.0,0.0,0.0,0.0,0.0,0.0,0.0,0.0,0.0,0.0,0.0,0.0,0.0,0.0,0.0,0.0,0.0,0.0,0.0,0.0,0.0,0.0,0.0,False,False,False,
137,True,2020-10-16,2020-10-14,KRON,"Kronos Bio, Inc.",Bischofberger Norbert W,"Pres, CEO",P - Purchase,0.0,95500.0,263750.0,57.0,1814500.0,0.0,0.0,0.0,0.0,0.0,0.0,0.0,0.0,0.0,0.0,0.0,0.0,0.0,0.0,0.0,0.0,0.0,0.0,0.0,0.0,0.0,0.0,0.0,0.0,0.0,0.0,0.0,0.0,False,False,False,
138,False,2020-10-02,2020-10-02,FGNA,Fg New America Acquisition Corp.,Swets Larry G Jr,"CEO, 10%",P - Purchase,0.0,462500.0,462500.0,New,4625000.0,0.0,0.0,0.0,0.0,0.0,0.0,0.0,0.0,0.0,0.0,0.0,0.0,0.0,0.0,0.0,0.0,0.0,0.0,0.0,0.0,0.0,0.0,0.0,0.0,0.0,0.0,0.0,0.0,False,False,False,
139,False,2020-09-30,2020-09-28,ODT,"Odonate Therapeutics, Inc.",Tang Kevin C,"CEO, 10%",P - Purchase,0.0,110882.0,15238782.0,1.0,1456408.0,0.0,0.0,0.0,0.0,0.0,0.0,0.0,0.0,0.0,0.0,0.0,0.0,0.0,0.0,0.0,0.0,0.0,0.0,0.0,0.0,0.0,0.0,0.0,0.0,0.0,0.0,0.0,0.0,False,False,False,
140,False,2020-09-23,2020-09-21,ALRT,Alr Technologies Inc.,Chan Sidney,"CEO, 10%",P - Purchase,0.0,240000000.0,383498482.0,167.0,12000000.0,0.0,0.0,0.0,0.0,0.0,0.0,0.0,0.0,0.0,0.0,0.0,0.0,0.0,0.0,0.0,0.0,0.0,0.0,0.0,0.0,0.0,0.0,0.0,0.0,0.0,0.0,0.0,0.0,False,False,False,
142,True,2020-09-15,2020-09-15,FRG,"Franchise Group, Inc.",Kahn Brian Randall,"CEO, 10%",P - Purchase,0.0,149785.0,327531.0,84.0,3743127.0,0.0,0.0,0.0,0.0,0.0,0.0,0.0,0.0,0.0,0.0,0.0,0.0,0.0,0.0,0.0,0.0,0.0,0.0,0.0,0.0,0.0,0.0,0.0,0.0,0.0,0.0,0.0,0.0,False,False,False,
141,False,2020-09-15,2020-09-11,AAT,"American Assets Trust, Inc.",Rady Ernest S,"COB, CEO, Pres, 10%",P - Purchase,0.0,45412.0,9799789.0,0.0,1137232.0,0.0,0.0,0.0,0.0,0.0,0.0,0.0,0.0,0.0,0.0,0.0,0.0,0.0,0.0,0.0,0.0,0.0,0.0,0.0,0.0,0.0,0.0,0.0,0.0,0.0,0.0,0.0,0.0,False,False,False,
143,False,2020-09-14,2020-09-10,GES,Guess Inc,Alberini Carlos,"CEO, Dir",P - Purchase,0.0,83000.0,1039508.0,9.0,1000150.0,0.0,0.0,0.0,0.0,0.0,0.0,0.0,0.0,0.0,0.0,0.0,0.0,0.0,0.0,0.0,0.0,0.0,0.0,0.0,0.0,0.0,0.0,0.0,0.0,0.0,0.0,0.0,0.0,False,False,False,
144,False,2020-09-11,2020-09-09,PEB,Pebblebrook Hotel Trust,Bortz Jon E,"COB, Pres, CEO",P - Purchase,0.0,59576.0,59576.0,New,1243454.0,0.0,0.0,0.0,0.0,0.0,0.0,0.0,0.0,0.0,0.0,0.0,0.0,0.0,0.0,0.0,0.0,0.0,0.0,0.0,0.0,0.0,0.0,0.0,0.0,0.0,0.0,0.0,0.0,False,False,False,
145,False,2020-09-08,2020-09-04,SUM,"Summit Materials, Inc.",Noonan Anne P,"Pres, CEO",P - Purchase,0.0,66000.0,66000.0,New,1005840.0,0.0,0.0,0.0,0.0,0.0,0.0,0.0,0.0,0.0,0.0,0.0,0.0,0.0,0.0,0.0,0.0,0.0,0.0,0.0,0.0,0.0,0.0,0.0,0.0,0.0,0.0,0.0,0.0,False,False,False,
146,False,2020-09-03,2020-09-02,FRG,"Franchise Group, Inc.",Kahn Brian Randall,"CEO, 10%",P - Purchase,0.0,175000.0,176373.0,999.0,4462500.0,0.0,0.0,0.0,0.0,0.0,0.0,0.0,0.0,0.0,0.0,0.0,0.0,0.0,0.0,0.0,0.0,0.0,0.0,0.0,0.0,0.0,0.0,0.0,0.0,0.0,0.0,0.0,0.0,False,False,False,
147,False,2020-09-02,2020-09-02,BKR,Baker Hughes Co,Simonelli Lorenzo,"COB, Pres, CEO",P - Purchase,0.0,71275.0,287096.0,33.0,1006104.0,0.0,0.0,0.0,0.0,0.0,0.0,0.0,0.0,0.0,0.0,0.0,0.0,0.0,0.0,0.0,0.0,0.0,0.0,0.0,0.0,0.0,0.0,0.0,0.0,0.0,0.0,0.0,0.0,False,False,False,
148,False,2020-09-02,2020-09-01,IVZ,Invesco Ltd.,Flanagan Martin L,"Pres, CEO",P - Purchase,0.0,294507.0,4410454.0,7.0,2999988.0,0.0,0.0,0.0,0.0,0.0,0.0,0.0,0.0,0.0,0.0,0.0,0.0,0.0,0.0,0.0,0.0,0.0,0.0,0.0,0.0,0.0,0.0,0.0,0.0,0.0,0.0,0.0,0.0,False,False,False,
149,False,2020-09-02,2020-08-31,SDC,"Smiledirectclub, Inc.",Katzman David B,"CEO, COB, 10%",P - Purchase,0.0,1278130.0,1423825.0,877.0,10319697.0,0.0,0.0,0.0,0.0,0.0,0.0,0.0,0.0,0.0,0.0,0.0,0.0,0.0,0.0,0.0,0.0,0.0,0.0,0.0,0.0,0.0,0.0,0.0,0.0,0.0,0.0,0.0,0.0,False,False,False,
150,False,2020-09-01,2020-08-28,ODT,"Odonate Therapeutics, Inc.",Tang Kevin C,"CEO, 10%",P - Purchase,0.0,1052631.0,15127900.0,7.0,14999992.0,0.0,0.0,0.0,0.0,0.0,0.0,0.0,0.0,0.0,0.0,0.0,0.0,0.0,0.0,0.0,0.0,0.0,0.0,0.0,0.0,0.0,0.0,0.0,0.0,0.0,0.0,0.0,0.0,False,False,False,
151,False,2020-08-31,2020-08-27,PLAG,Planet Green Holdings Corp.,Zhou Bin,"CEO, 10%",P - Purchase,0.0,650000.0,1622000.0,67.0,1690000.0,0.0,0.0,0.0,0.0,0.0,0.0,0.0,0.0,0.0,0.0,0.0,0.0,0.0,0.0,0.0,0.0,0.0,0.0,0.0,0.0,0.0,0.0,0.0,0.0,0.0,0.0,0.0,0.0,False,False,False,
152,False,2020-08-28,2020-08-26,LOB,"Live Oak Bancshares, Inc.",Mahan James S III,"CEO, 10%",P - Purchase,0.0,73327.0,6468291.0,1.0,1502566.0,0.0,0.0,0.0,0.0,0.0,0.0,0.0,0.0,0.0,0.0,0.0,0.0,0.0,0.0,0.0,0.0,0.0,0.0,0.0,0.0,0.0,0.0,0.0,0.0,0.0,0.0,0.0,0.0,False,False,False,
153,False,2020-08-26,2020-08-26,KW,"Kennedy-Wilson Holdings, Inc.",McMorrow William J,CEO,P - Purchase,0.0,75000.0,12729138.0,1.0,1055250.0,0.0,0.0,0.0,0.0,0.0,0.0,0.0,0.0,0.0,0.0,0.0,0.0,0.0,0.0,0.0,0.0,0.0,0.0,0.0,0.0,0.0,0.0,0.0,0.0,0.0,0.0,0.0,0.0,False,False,False,
154,False,2020-08-25,2020-08-21,RRR,"Red Rock Resorts, Inc.",Fertitta Frank J III,"CEO, 10%",P - Purchase,0.0,290000.0,49553472.0,1.0,4911730.0,0.0,0.0,0.0,0.0,0.0,0.0,0.0,0.0,0.0,0.0,0.0,0.0,0.0,0.0,0.0,0.0,0.0,0.0,0.0,0.0,0.0,0.0,0.0,0.0,0.0,0.0,0.0,0.0,False,False,False,
155,False,2020-08-25,2020-08-21,LOB,"Live Oak Bancshares, Inc.",Mahan James S III,"CEO, 10%",P - Purchase,0.0,57153.0,6394964.0,1.0,1130950.0,0.0,0.0,0.0,0.0,0.0,0.0,0.0,0.0,0.0,0.0,0.0,0.0,0.0,0.0,0.0,0.0,0.0,0.0,0.0,0.0,0.0,0.0,0.0,0.0,0.0,0.0,0.0,0.0,False,False,False,
156,False,2020-08-25,2017-04-17,SOAN,"Angiosoma, Inc.",Blankenship Alex K,"Pres, CEO",P - Purchase,0.0,12000000.0,12000000.0,New,1000002500.0,0.0,0.0,0.0,0.0,0.0,0.0,0.0,0.0,0.0,0.0,0.0,0.0,0.0,0.0,0.0,0.0,0.0,0.0,0.0,0.0,0.0,0.0,0.0,0.0,0.0,0.0,0.0,0.0,False,False,False,
157,False,2020-08-21,2020-08-19,LOB,"Live Oak Bancshares, Inc.",Mahan James S III,"CEO, 10%",P - Purchase,0.0,57501.0,6337811.0,1.0,1122480.0,0.0,0.0,0.0,0.0,0.0,0.0,0.0,0.0,0.0,0.0,0.0,0.0,0.0,0.0,0.0,0.0,0.0,0.0,0.0,0.0,0.0,0.0,0.0,0.0,0.0,0.0,0.0,0.0,False,False,False,
158,False,2020-08-20,2020-08-18,RRR,"Red Rock Resorts, Inc.",Fertitta Frank J III,"CEO, 10%",P - Purchase,0.0,90200.0,49353672.0,0.0,1445857.0,0.0,0.0,0.0,0.0,0.0,0.0,0.0,0.0,0.0,0.0,0.0,0.0,0.0,0.0,0.0,0.0,0.0,0.0,0.0,0.0,0.0,0.0,0.0,0.0,0.0,0.0,0.0,0.0,False,False,False,
159,False,2020-08-20,2020-08-13,HPTO,Hopto Inc.,Skeels Jonathon R,"CEO, 10%",P - Purchase,0.0,6888345.0,8285495.0,493.0,2066504.0,0.0,0.0,0.0,0.0,0.0,0.0,0.0,0.0,0.0,0.0,0.0,0.0,0.0,0.0,0.0,0.0,0.0,0.0,0.0,0.0,0.0,0.0,0.0,0.0,0.0,0.0,0.0,0.0,False,False,False,
160,True,2020-08-20,2020-08-18,LCAP,Lionheart Acquisition Corp. II,Sternberg Ophir,"Pres, CEO, 10%",P - Purchase,0.0,595000.0,260000.0,-178.0,5950000.0,0.0,0.0,0.0,0.0,0.0,0.0,0.0,0.0,0.0,0.0,0.0,0.0,0.0,0.0,0.0,0.0,0.0,0.0,0.0,0.0,0.0,0.0,0.0,0.0,0.0,0.0,0.0,0.0,False,False,False,
161,False,2020-08-19,2020-08-17,RRR,"Red Rock Resorts, Inc.",Fertitta Frank J III,"CEO, 10%",P - Purchase,0.0,137500.0,49263472.0,0.0,2259125.0,0.0,0.0,0.0,0.0,0.0,0.0,0.0,0.0,0.0,0.0,0.0,0.0,0.0,0.0,0.0,0.0,0.0,0.0,0.0,0.0,0.0,0.0,0.0,0.0,0.0,0.0,0.0,0.0,False,False,False,
162,False,2020-08-19,2020-08-17,JJSF,J&j Snack Foods Corp,Shreiber Gerald B,"CEO, 10%",P - Purchase,0.0,141026.0,3806956.0,4.0,18406714.0,0.0,0.0,0.0,0.0,0.0,0.0,0.0,0.0,0.0,0.0,0.0,0.0,0.0,0.0,0.0,0.0,0.0,0.0,0.0,0.0,0.0,0.0,0.0,0.0,0.0,0.0,0.0,0.0,False,False,False,
164,False,2020-08-18,2020-08-14,RRR,"Red Rock Resorts, Inc.",Fertitta Frank J III,"CEO, 10%",P - Purchase,0.0,145000.0,49125972.0,0.0,2372635.0,0.0,0.0,0.0,0.0,0.0,0.0,0.0,0.0,0.0,0.0,0.0,0.0,0.0,0.0,0.0,0.0,0.0,0.0,0.0,0.0,0.0,0.0,0.0,0.0,0.0,0.0,0.0,0.0,False,False,False,
163,True,2020-08-18,2020-08-15,FOX,Fox Corp,Murdoch Lachlan K,"Exec COB, CEO",P - Purchase,0.0,229024.0,531602.0,76.0,5895078.0,0.0,0.0,0.0,0.0,0.0,0.0,0.0,0.0,0.0,0.0,0.0,0.0,0.0,0.0,0.0,0.0,0.0,0.0,0.0,0.0,0.0,0.0,0.0,0.0,0.0,0.0,0.0,0.0,False,False,False,
165,False,2020-08-18,2020-08-14,ARGO,"Argo Group International Holdings, Ltd.",Rehnberg Kevin James,CEO,P - Purchase,0.0,32000.0,51953.0,160.0,1183354.0,0.0,0.0,0.0,0.0,0.0,0.0,0.0,0.0,0.0,0.0,0.0,0.0,0.0,0.0,0.0,0.0,0.0,0.0,0.0,0.0,0.0,0.0,0.0,0.0,0.0,0.0,0.0,0.0,False,False,False,
166,False,2020-08-17,2020-08-13,BH,Biglari Holdings Inc.,"Biglari, Sardar","COB, CEO, 10%",P - Purchase,0.0,20407.0,1300538.0,2.0,3262004.0,0.0,0.0,0.0,0.0,0.0,0.0,0.0,0.0,0.0,0.0,0.0,0.0,0.0,0.0,0.0,0.0,0.0,0.0,0.0,0.0,0.0,0.0,0.0,0.0,0.0,0.0,0.0,0.0,False,False,False,
167,False,2020-08-17,2020-08-13,RRR,"Red Rock Resorts, Inc.",Fertitta Frank J III,"CEO, 10%",P - Purchase,0.0,176000.0,48980972.0,0.0,2682592.0,0.0,0.0,0.0,0.0,0.0,0.0,0.0,0.0,0.0,0.0,0.0,0.0,0.0,0.0,0.0,0.0,0.0,0.0,0.0,0.0,0.0,0.0,0.0,0.0,0.0,0.0,0.0,0.0,False,False,False,
168,False,2020-08-17,2020-08-13,UTGN,Utg Inc,Correll Jesse T,"COB, CEO, 10%",P - Purchase,0.0,40410.0,1934362.0,2.0,1171890.0,0.0,0.0,0.0,0.0,0.0,0.0,0.0,0.0,0.0,0.0,0.0,0.0,0.0,0.0,0.0,0.0,0.0,0.0,0.0,0.0,0.0,0.0,0.0,0.0,0.0,0.0,0.0,0.0,False,False,False,
169,False,2020-08-13,2020-08-11,RRR,"Red Rock Resorts, Inc.",Fertitta Frank J III,CEO,P - Purchase,0.0,450000.0,48804972.0,1.0,6654425.0,0.0,0.0,0.0,0.0,0.0,0.0,0.0,0.0,0.0,0.0,0.0,0.0,0.0,0.0,0.0,0.0,0.0,0.0,0.0,0.0,0.0,0.0,0.0,0.0,0.0,0.0,0.0,0.0,False,False,False,
170,True,2020-08-12,2020-08-11,VIRT,"Virtu Financial, Inc.",Cifu Douglas A,CEO,P - Purchase,0.0,100000.0,292755.0,52.0,2245263.0,0.0,0.0,0.0,0.0,0.0,0.0,0.0,0.0,0.0,0.0,0.0,0.0,0.0,0.0,0.0,0.0,0.0,0.0,0.0,0.0,0.0,0.0,0.0,0.0,0.0,0.0,0.0,0.0,False,False,False,
171,False,2020-08-11,2020-08-11,QDEL,Quidel Corp ,Bryant Douglas C,"Pres, CEO",P - Purchase,0.0,5000.0,450823.0,1.0,1170600.0,0.0,0.0,0.0,0.0,0.0,0.0,0.0,0.0,0.0,0.0,0.0,0.0,0.0,0.0,0.0,0.0,0.0,0.0,0.0,0.0,0.0,0.0,0.0,0.0,0.0,0.0,0.0,0.0,False,False,False,
172,False,2020-08-11,2020-08-10,RKT,"Rocket Companies, Inc.",Farner Jay,CEO,P - Purchase,0.0,204000.0,1054000.0,24.0,3672000.0,0.0,0.0,0.0,0.0,0.0,0.0,0.0,0.0,0.0,0.0,0.0,0.0,0.0,0.0,0.0,0.0,0.0,0.0,0.0,0.0,0.0,0.0,0.0,0.0,0.0,0.0,0.0,0.0,False,False,False,
173,False,2020-08-11,2020-08-10,RRR,"Red Rock Resorts, Inc.",Fertitta Frank J III,"CEO, 10%",P - Purchase,0.0,705000.0,48354972.0,1.0,9951780.0,0.0,0.0,0.0,0.0,0.0,0.0,0.0,0.0,0.0,0.0,0.0,0.0,0.0,0.0,0.0,0.0,0.0,0.0,0.0,0.0,0.0,0.0,0.0,0.0,0.0,0.0,0.0,0.0,False,False,False,
175,False,2020-08-05,2020-08-05,REKR,"Rekor Systems, Inc.",Berman Robert Alan,"CEO, 10%",P - Purchase,0.0,2725836.0,6084940.0,81.0,7005399.0,0.0,0.0,0.0,0.0,0.0,0.0,0.0,0.0,0.0,0.0,0.0,0.0,0.0,0.0,0.0,0.0,0.0,0.0,0.0,0.0,0.0,0.0,0.0,0.0,0.0,0.0,0.0,0.0,False,False,False,
174,False,2020-08-05,2020-08-03,EHTH,"Ehealth, Inc.",Flanders Scott N,CEO,P - Purchase,0.0,50000.0,706024.0,8.0,3576874.0,0.0,0.0,0.0,0.0,0.0,0.0,0.0,0.0,0.0,0.0,0.0,0.0,0.0,0.0,0.0,0.0,0.0,0.0,0.0,0.0,0.0,0.0,0.0,0.0,0.0,0.0,0.0,0.0,False,False,False,
178,False,2020-07-30,2020-07-30,FRG,"Franchise Group, Inc.",Kahn Brian Randall,"CEO, 10%",P - Purchase,0.0,400000.0,401373.0,999.0,9300000.0,0.0,0.0,0.0,0.0,0.0,0.0,0.0,0.0,0.0,0.0,0.0,0.0,0.0,0.0,0.0,0.0,0.0,0.0,0.0,0.0,0.0,0.0,0.0,0.0,0.0,0.0,0.0,0.0,False,False,False,
176,False,2020-07-30,2020-07-28,GHL,Greenhill & Co Inc,Bok Scott L,"COB, CEO, 10%",P - Purchase,0.0,148614.0,2105541.0,8.0,1629188.0,0.0,0.0,0.0,0.0,0.0,0.0,0.0,0.0,0.0,0.0,0.0,0.0,0.0,0.0,0.0,0.0,0.0,0.0,0.0,0.0,0.0,0.0,0.0,0.0,0.0,0.0,0.0,0.0,False,False,False,
179,False,2020-07-24,2020-07-22,CASI,"Casi Pharmaceuticals, Inc.",He Wei-Wu,"COB, CEO, 10%",P - Purchase,0.0,4152426.0,12809942.0,48.0,7889609.0,0.0,0.0,0.0,0.0,0.0,0.0,0.0,0.0,0.0,0.0,0.0,0.0,0.0,0.0,0.0,0.0,0.0,0.0,0.0,0.0,0.0,0.0,0.0,0.0,0.0,0.0,0.0,0.0,False,False,False,
180,False,2020-07-20,2020-07-16,GES,Guess Inc,Alberini Carlos,"CEO, Dir",P - Purchase,0.0,100000.0,956508.0,12.0,1017000.0,0.0,0.0,0.0,0.0,0.0,0.0,0.0,0.0,0.0,0.0,0.0,0.0,0.0,0.0,0.0,0.0,0.0,0.0,0.0,0.0,0.0,0.0,0.0,0.0,0.0,0.0,0.0,0.0,False,False,False,
181,False,2020-07-17,2020-07-15,PSTL,"Postal Realty Trust, Inc.",Spodek Andrew,"CEO, Dir, 10%",P - Purchase,0.0,78195.0,745753.0,12.0,1018931.0,0.0,0.0,0.0,0.0,0.0,0.0,0.0,0.0,0.0,0.0,0.0,0.0,0.0,0.0,0.0,0.0,0.0,0.0,0.0,0.0,0.0,0.0,0.0,0.0,0.0,0.0,0.0,0.0,False,False,False,
182,False,2020-07-10,2020-07-09,CFOO,China Foods Holdings Ltd.,Kong Xiao Jun,"CEO, CFO, 10%",P - Purchase,0.0,13950000.0,18951000.0,279.0,4464000.0,0.0,0.0,0.0,0.0,0.0,0.0,0.0,0.0,0.0,0.0,0.0,0.0,0.0,0.0,0.0,0.0,0.0,0.0,0.0,0.0,0.0,0.0,0.0,0.0,0.0,0.0,0.0,0.0,False,False,False,
183,False,2020-07-07,2020-07-02,DNB,"Dun & Bradstreet Holdings, Inc.",Jabbour Anthony M,CEO,P - Purchase,0.0,200000.0,4563628.0,5.0,4400000.0,0.0,0.0,0.0,0.0,0.0,0.0,0.0,0.0,0.0,0.0,0.0,0.0,0.0,0.0,0.0,0.0,0.0,0.0,0.0,0.0,0.0,0.0,0.0,0.0,0.0,0.0,0.0,0.0,False,False,False,
184,False,2020-06-29,2020-06-29,NK,"Nantkwest, Inc.",Soon-Shiong Patrick,"COB, CEO, 10%",P - Purchase,0.0,3710000.0,69944890.0,6.0,44965200.0,0.0,0.0,0.0,0.0,0.0,0.0,0.0,0.0,0.0,0.0,0.0,0.0,0.0,0.0,0.0,0.0,0.0,0.0,0.0,0.0,0.0,0.0,0.0,0.0,0.0,0.0,0.0,0.0,False,False,False,
185,True,2020-06-23,2020-06-20,FOX,Fox Corp,Murdoch Lachlan K,"Exec COB, CEO",P - Purchase,0.0,49498.0,302578.0,20.0,1401783.0,0.0,0.0,0.0,0.0,0.0,0.0,0.0,0.0,0.0,0.0,0.0,0.0,0.0,0.0,0.0,0.0,0.0,0.0,0.0,0.0,0.0,0.0,0.0,0.0,0.0,0.0,0.0,0.0,False,False,False,
186,True,2020-06-18,2020-06-16,LQDT,Liquidity Services Inc,Angrick William P III,"COB, CEO, 10%",P - Purchase,0.0,182160.0,6897898.0,3.0,1096484.0,0.0,0.0,0.0,0.0,0.0,0.0,0.0,0.0,0.0,0.0,0.0,0.0,0.0,0.0,0.0,0.0,0.0,0.0,0.0,0.0,0.0,0.0,0.0,0.0,0.0,0.0,0.0,0.0,False,False,False,
187,True,2020-06-17,2020-06-15,FOX,Fox Corp,Murdoch Lachlan K,"Exec COB, CEO",P - Purchase,0.0,101556.0,253080.0,67.0,2873019.0,0.0,0.0,0.0,0.0,0.0,0.0,0.0,0.0,0.0,0.0,0.0,0.0,0.0,0.0,0.0,0.0,0.0,0.0,0.0,0.0,0.0,0.0,0.0,0.0,0.0,0.0,0.0,0.0,False,False,False,
188,False,2020-06-11,2020-06-11,ATH,Athene Holding Ltd,Belardi James Richard,"COB, CEO, CIO",P - Purchase,0.0,40000.0,40000.0,New,1000000.0,0.0,0.0,0.0,0.0,0.0,0.0,0.0,0.0,0.0,0.0,0.0,0.0,0.0,0.0,0.0,0.0,0.0,0.0,0.0,0.0,0.0,0.0,0.0,0.0,0.0,0.0,0.0,0.0,False,False,False,
189,True,2020-06-09,2020-06-09,MCACU,Mountain Crest Acquisition Corp.,Liu Suying,"CEO, 10%",P - Purchase,0.0,296500.0,1728000.0,21.0,2965000.0,0.0,0.0,0.0,0.0,0.0,0.0,0.0,0.0,0.0,0.0,0.0,0.0,0.0,0.0,0.0,0.0,0.0,0.0,0.0,0.0,0.0,0.0,0.0,0.0,0.0,0.0,0.0,0.0,False,False,False,
190,True,2020-06-02,2020-05-29,UPS,United Parcel Service Inc,Tome Carol B,CEO,P - Purchase,0.0,10100.0,18583.0,119.0,1003233.0,0.0,0.0,0.0,0.0,0.0,0.0,0.0,0.0,0.0,0.0,0.0,0.0,0.0,0.0,0.0,0.0,0.0,0.0,0.0,0.0,0.0,0.0,0.0,0.0,0.0,0.0,0.0,0.0,False,False,False,
191,False,2020-06-02,2020-05-28,ESNT,Essent Group Ltd.,Casale Mark,"COB, CEO, Pres",P - Purchase,0.0,50000.0,1757057.0,3.0,1662500.0,0.0,0.0,0.0,0.0,0.0,0.0,0.0,0.0,0.0,0.0,0.0,0.0,0.0,0.0,0.0,0.0,0.0,0.0,0.0,0.0,0.0,0.0,0.0,0.0,0.0,0.0,0.0,0.0,False,False,False,
192,False,2020-05-19,2020-05-18,CARR,Carrier Global Corp,Gitlin David L.,"Pres, CEO",P - Purchase,0.0,57580.0,70473.0,447.0,1004765.0,0.0,0.0,0.0,0.0,0.0,0.0,0.0,0.0,0.0,0.0,0.0,0.0,0.0,0.0,0.0,0.0,0.0,0.0,0.0,0.0,0.0,0.0,0.0,0.0,0.0,0.0,0.0,0.0,False,False,False,
193,False,2020-05-18,2020-05-15,GBX,Greenbrier Companies Inc,Furman William A,"COB, CEO",P - Purchase,0.0,100000.0,340096.0,42.0,1652000.0,0.0,0.0,0.0,0.0,0.0,0.0,0.0,0.0,0.0,0.0,0.0,0.0,0.0,0.0,0.0,0.0,0.0,0.0,0.0,0.0,0.0,0.0,0.0,0.0,0.0,0.0,0.0,0.0,False,False,False,
194,True,2020-05-15,2020-05-13,GIK.U,"Gigcapital3, Inc.",Katz Avi S,"CEO, Pres, Exec COB, 10%",P - Purchase,0.0,650000.0,6385000.0,11.0,6500000.0,0.0,0.0,0.0,0.0,0.0,0.0,0.0,0.0,0.0,0.0,0.0,0.0,0.0,0.0,0.0,0.0,0.0,0.0,0.0,0.0,0.0,0.0,0.0,0.0,0.0,0.0,0.0,0.0,False,False,False,
195,True,2020-05-08,2020-05-06,GEO,Geo Group Inc,Zoley George C,"COB, CEO",P - Purchase,0.0,250000.0,3250002.0,8.0,2828275.0,0.0,0.0,0.0,0.0,0.0,0.0,0.0,0.0,0.0,0.0,0.0,0.0,0.0,0.0,0.0,0.0,0.0,0.0,0.0,0.0,0.0,0.0,0.0,0.0,0.0,0.0,0.0,0.0,False,False,False,
196,False,2020-05-07,2020-05-06,AGNC,Agnc Investment Corp.,Kain Gary D,"Dir, CEO,, CIO",P - Purchase,0.0,189188.0,2299038.0,9.0,2383390.0,0.0,0.0,0.0,0.0,0.0,0.0,0.0,0.0,0.0,0.0,0.0,0.0,0.0,0.0,0.0,0.0,0.0,0.0,0.0,0.0,0.0,0.0,0.0,0.0,0.0,0.0,0.0,0.0,False,False,False,
197,True,2020-04-30,2019-12-26,THMO,"Thermogenesis Holdings, Inc.",Xu Xiaochun,"CEO, 10%",P - Purchase,0.0,683824.0,683824.0,New,2277134.0,0.0,0.0,0.0,0.0,0.0,0.0,0.0,0.0,0.0,0.0,0.0,0.0,0.0,0.0,0.0,0.0,0.0,0.0,0.0,0.0,0.0,0.0,0.0,0.0,0.0,0.0,0.0,0.0,False,False,False,
198,False,2020-04-23,2020-04-23,DRI,Darden Restaurants Inc,Lee Eugene I Jr,"Pres, CEO",P - Purchase,0.0,25641.0,177264.0,17.0,1499999.0,0.0,0.0,0.0,0.0,0.0,0.0,0.0,0.0,0.0,0.0,0.0,0.0,0.0,0.0,0.0,0.0,0.0,0.0,0.0,0.0,0.0,0.0,0.0,0.0,0.0,0.0,0.0,0.0,False,False,False,
199,True,2020-04-21,2020-02-20,NBAC,Newborn Acquisition Corp,Xiong Wenhui,"CEO, 10%",P - Purchase,0.0,272500.0,1545000.0,21.0,2725000.0,0.0,0.0,0.0,0.0,0.0,0.0,0.0,0.0,0.0,0.0,0.0,0.0,0.0,0.0,0.0,0.0,0.0,0.0,0.0,0.0,0.0,0.0,0.0,0.0,0.0,0.0,0.0,0.0,False,False,False,
200,True,2020-04-07,2020-04-03,SAIC,Science Applications International Corp,Keene Nazzic S,CEO,P - Purchase,0.0,14300.0,102331.0,16.0,1011769.0,0.0,0.0,0.0,0.0,0.0,0.0,0.0,0.0,0.0,0.0,0.0,0.0,0.0,0.0,0.0,0.0,0.0,0.0,0.0,0.0,0.0,0.0,0.0,0.0,0.0,0.0,0.0,0.0,False,False,False,
202,False,2020-03-27,2020-03-25,CASI,"Casi Pharmaceuticals, Inc.",He Wei-Wu,"COB, CEO, 10%",P - Purchase,0.0,524493.0,8125439.0,7.0,1066731.0,0.0,0.0,0.0,0.0,0.0,0.0,0.0,0.0,0.0,0.0,0.0,0.0,0.0,0.0,0.0,0.0,0.0,0.0,0.0,0.0,0.0,0.0,0.0,0.0,0.0,0.0,0.0,0.0,False,False,False,
203,False,2020-03-23,2020-03-13,MIDD,Middleby Corp,Fitzgerald Timothy John,CEO,P - Purchase,0.0,18750.0,293676.0,7.0,1463743.0,0.0,0.0,0.0,0.0,0.0,0.0,0.0,0.0,0.0,0.0,0.0,0.0,0.0,0.0,0.0,0.0,0.0,0.0,0.0,0.0,0.0,0.0,0.0,0.0,0.0,0.0,0.0,0.0,False,False,False,
205,False,2020-03-20,2020-03-18,DELL,Dell Technologies Inc.,Dell Michael S,"CEO, 10%",P - Purchase,0.0,828199.0,1380440.0,150.0,26253713.0,0.0,0.0,0.0,0.0,0.0,0.0,0.0,0.0,0.0,0.0,0.0,0.0,0.0,0.0,0.0,0.0,0.0,0.0,0.0,0.0,0.0,0.0,0.0,0.0,0.0,0.0,0.0,0.0,False,False,False,
204,False,2020-03-20,2020-03-18,CLNY,"Colony Capital, Inc.",Barrack Thomas Jr,"Exec COB, CEO",P - Purchase,0.0,179540.0,338333.0,113.0,1894788.0,0.0,0.0,0.0,0.0,0.0,0.0,0.0,0.0,0.0,0.0,0.0,0.0,0.0,0.0,0.0,0.0,0.0,0.0,0.0,0.0,0.0,0.0,0.0,0.0,0.0,0.0,0.0,0.0,False,False,False,
206,False,2020-03-19,2020-03-17,CASI,"Casi Pharmaceuticals, Inc.",He Wei-Wu,"COB, CEO, 10%",P - Purchase,0.0,1000002.0,7600946.0,15.0,1526444.0,0.0,0.0,0.0,0.0,0.0,0.0,0.0,0.0,0.0,0.0,0.0,0.0,0.0,0.0,0.0,0.0,0.0,0.0,0.0,0.0,0.0,0.0,0.0,0.0,0.0,0.0,0.0,0.0,False,False,False,
208,False,2020-03-18,2020-03-18,STWD,"Starwood Property Trust, Inc.",Sternlicht Barry S,"CEO, COB",P - Purchase,0.0,218000.0,8516567.0,3.0,2007780.0,0.0,0.0,0.0,0.0,0.0,0.0,0.0,0.0,0.0,0.0,0.0,0.0,0.0,0.0,0.0,0.0,0.0,0.0,0.0,0.0,0.0,0.0,0.0,0.0,0.0,0.0,0.0,0.0,False,False,False,
207,False,2020-03-18,2020-03-13,MIDD,Middleby Corp,Fitzgerald Timothy John,CEO,P - Purchase,0.0,18750.0,293676.0,7.0,1463743.0,0.0,0.0,0.0,0.0,0.0,0.0,0.0,0.0,0.0,0.0,0.0,0.0,0.0,0.0,0.0,0.0,0.0,0.0,0.0,0.0,0.0,0.0,0.0,0.0,0.0,0.0,0.0,0.0,False,False,False,
209,False,2020-03-17,2020-03-17,SPG,Simon Property Group Inc ,Simon David,"CEO, COB, Pres",P - Purchase,0.0,150000.0,953924.0,19.0,9124050.0,0.0,0.0,0.0,0.0,0.0,0.0,0.0,0.0,0.0,0.0,0.0,0.0,0.0,0.0,0.0,0.0,0.0,0.0,0.0,0.0,0.0,0.0,0.0,0.0,0.0,0.0,0.0,0.0,False,False,False,
210,False,2020-03-17,2020-03-13,GLPI,"Gaming & Leisure Properties, Inc.",Carlino Peter M,"COB,CEO,Pres",P - Purchase,0.0,33000.0,11152003.0,0.0,1004850.0,0.0,0.0,0.0,0.0,0.0,0.0,0.0,0.0,0.0,0.0,0.0,0.0,0.0,0.0,0.0,0.0,0.0,0.0,0.0,0.0,0.0,0.0,0.0,0.0,0.0,0.0,0.0,0.0,False,False,False,
211,False,2020-03-16,2020-03-12,GEO,Geo Group Inc,Zoley George C,"COB, CEO",P - Purchase,0.0,100000.0,3000002.0,3.0,1164680.0,0.0,0.0,0.0,0.0,0.0,0.0,0.0,0.0,0.0,0.0,0.0,0.0,0.0,0.0,0.0,0.0,0.0,0.0,0.0,0.0,0.0,0.0,0.0,0.0,0.0,0.0,0.0,0.0,False,False,False,
213,False,2020-03-16,2020-03-12,BPYU,Brookfield Property Reit Inc.,Kingston Brian,CEO,P - Purchase,0.0,115000.0,235000.0,96.0,1431003.0,0.0,0.0,0.0,0.0,0.0,0.0,0.0,0.0,0.0,0.0,0.0,0.0,0.0,0.0,0.0,0.0,0.0,0.0,0.0,0.0,0.0,0.0,0.0,0.0,0.0,0.0,0.0,0.0,False,False,False,
212,False,2020-03-16,2020-03-13,NCR,Ncr Corp,Hayford Michael D,"CEO, Pres",P - Purchase,0.0,60000.0,307169.0,24.0,1062600.0,0.0,0.0,0.0,0.0,0.0,0.0,0.0,0.0,0.0,0.0,0.0,0.0,0.0,0.0,0.0,0.0,0.0,0.0,0.0,0.0,0.0,0.0,0.0,0.0,0.0,0.0,0.0,0.0,False,False,False,
214,False,2020-03-16,2020-03-13,WFC,Wells Fargo & Company,Scharf Charles W,"CEO, Pres",P - Purchase,0.0,173000.0,177019.0,999.0,4963370.0,0.0,0.0,0.0,0.0,0.0,0.0,0.0,0.0,0.0,0.0,0.0,0.0,0.0,0.0,0.0,0.0,0.0,0.0,0.0,0.0,0.0,0.0,0.0,0.0,0.0,0.0,0.0,0.0,False,False,False,
215,False,2020-03-13,2020-03-12,PLNT,"Planet Fitness, Inc.",Rondeau Christopher,CEO,P - Purchase,0.0,20000.0,68604.0,41.0,1013484.0,0.0,0.0,0.0,0.0,0.0,0.0,0.0,0.0,0.0,0.0,0.0,0.0,0.0,0.0,0.0,0.0,0.0,0.0,0.0,0.0,0.0,0.0,0.0,0.0,0.0,0.0,0.0,0.0,False,False,False,
217,False,2020-03-13,2020-03-12,PRMW,Primo Water Corp ,Harrington Thomas,CEO,P - Purchase,0.0,84000.0,468904.0,22.0,1014804.0,0.0,0.0,0.0,0.0,0.0,0.0,0.0,0.0,0.0,0.0,0.0,0.0,0.0,0.0,0.0,0.0,0.0,0.0,0.0,0.0,0.0,0.0,0.0,0.0,0.0,0.0,0.0,0.0,False,False,False,
216,False,2020-03-13,2020-03-12,EHC,Encompass Health Corp,Anthony April Kaye Bullock,"CEO, Pres, Home Health",P - Purchase,0.0,125000.0,191740.0,187.0,7336848.0,0.0,0.0,0.0,0.0,0.0,0.0,0.0,0.0,0.0,0.0,0.0,0.0,0.0,0.0,0.0,0.0,0.0,0.0,0.0,0.0,0.0,0.0,0.0,0.0,0.0,0.0,0.0,0.0,False,False,False,
218,False,2020-03-12,2020-03-11,EHC,Encompass Health Corp,Anthony April Kaye Bullock,"CEO, Pres, Home Health",P - Purchase,0.0,40000.0,66740.0,150.0,2569600.0,0.0,0.0,0.0,0.0,0.0,0.0,0.0,0.0,0.0,0.0,0.0,0.0,0.0,0.0,0.0,0.0,0.0,0.0,0.0,0.0,0.0,0.0,0.0,0.0,0.0,0.0,0.0,0.0,False,False,False,
219,True,2020-03-12,2020-03-11,BG,Bunge Ltd,Heckman Gregory A,CEO,P - Purchase,0.0,120000.0,250832.0,92.0,4781400.0,0.0,0.0,0.0,0.0,0.0,0.0,0.0,0.0,0.0,0.0,0.0,0.0,0.0,0.0,0.0,0.0,0.0,0.0,0.0,0.0,0.0,0.0,0.0,0.0,0.0,0.0,0.0,0.0,False,False,False,
220,False,2020-03-11,2020-03-11,ARMK,Aramark,Zillmer John J,CEO,P - Purchase,0.0,40000.0,276285.0,17.0,1032652.0,0.0,0.0,0.0,0.0,0.0,0.0,0.0,0.0,0.0,0.0,0.0,0.0,0.0,0.0,0.0,0.0,0.0,0.0,0.0,0.0,0.0,0.0,0.0,0.0,0.0,0.0,0.0,0.0,False,False,False,
223,False,2020-03-10,2020-03-09,HXL,Hexcel Corp ,Stanage Nick L,"COB, CEO, Pres",P - Purchase,0.0,20000.0,263285.0,8.0,1119280.0,0.0,0.0,0.0,0.0,0.0,0.0,0.0,0.0,0.0,0.0,0.0,0.0,0.0,0.0,0.0,0.0,0.0,0.0,0.0,0.0,0.0,0.0,0.0,0.0,0.0,0.0,0.0,0.0,False,False,False,
222,False,2020-03-10,2020-03-06,LOW,Lowes Companies Inc,Ellison Marvin R,"Pres, CEO",P - Purchase,0.0,10000.0,90090.0,12.0,1038595.0,0.0,0.0,0.0,0.0,0.0,0.0,0.0,0.0,0.0,0.0,0.0,0.0,0.0,0.0,0.0,0.0,0.0,0.0,0.0,0.0,0.0,0.0,0.0,0.0,0.0,0.0,0.0,0.0,False,False,False,
221,True,2020-03-10,2020-03-09,KAR,"Kar Auction Services, Inc.",Hallett James P,CEO,P - Purchase,0.0,59255.0,432944.0,16.0,1000224.0,0.0,0.0,0.0,0.0,0.0,0.0,0.0,0.0,0.0,0.0,0.0,0.0,0.0,0.0,0.0,0.0,0.0,0.0,0.0,0.0,0.0,0.0,0.0,0.0,0.0,0.0,0.0,0.0,False,False,False,
224,False,2020-03-09,2020-03-05,QRTEA,"Qurate Retail, Inc.",George Michael A,"Pres, CEO",P - Purchase,0.0,550000.0,2489137.0,28.0,2994575.0,0.0,0.0,0.0,0.0,0.0,0.0,0.0,0.0,0.0,0.0,0.0,0.0,0.0,0.0,0.0,0.0,0.0,0.0,0.0,0.0,0.0,0.0,0.0,0.0,0.0,0.0,0.0,0.0,False,False,False,
225,False,2020-03-09,2020-03-05,FCX,Freeport-McMoran Inc,Adkerson Richard C,"Vice COB, Pres, CEO",P - Purchase,0.0,250000.0,3552154.0,8.0,2505725.0,0.0,0.0,0.0,0.0,0.0,0.0,0.0,0.0,0.0,0.0,0.0,0.0,0.0,0.0,0.0,0.0,0.0,0.0,0.0,0.0,0.0,0.0,0.0,0.0,0.0,0.0,0.0,0.0,False,False,False,
226,False,2020-03-06,2020-03-04,AAT,"American Assets Trust, Inc.",Rady Ernest S,"COB, CEO, Pres, 10%",P - Purchase,0.0,29130.0,9689284.0,0.0,1225347.0,0.0,0.0,0.0,0.0,0.0,0.0,0.0,0.0,0.0,0.0,0.0,0.0,0.0,0.0,0.0,0.0,0.0,0.0,0.0,0.0,0.0,0.0,0.0,0.0,0.0,0.0,0.0,0.0,False,False,False,
227,False,2020-03-06,2020-03-05,PLNT,"Planet Fitness, Inc.",Rondeau Christopher,CEO,P - Purchase,0.0,20000.0,48604.0,70.0,1271400.0,0.0,0.0,0.0,0.0,0.0,0.0,0.0,0.0,0.0,0.0,0.0,0.0,0.0,0.0,0.0,0.0,0.0,0.0,0.0,0.0,0.0,0.0,0.0,0.0,0.0,0.0,0.0,0.0,False,False,False,
228,False,2020-03-05,2020-03-04,PLNT,"Planet Fitness, Inc.",Rondeau Christopher,CEO,P - Purchase,0.0,25000.0,28604.0,694.0,1681000.0,0.0,0.0,0.0,0.0,0.0,0.0,0.0,0.0,0.0,0.0,0.0,0.0,0.0,0.0,0.0,0.0,0.0,0.0,0.0,0.0,0.0,0.0,0.0,0.0,0.0,0.0,0.0,0.0,False,False,False,
229,False,2020-03-04,2020-03-03,BCO,Brinks Co,Pertz Douglas A,"Pres, CEO",P - Purchase,0.0,15000.0,393495.0,4.0,1199750.0,0.0,0.0,0.0,0.0,0.0,0.0,0.0,0.0,0.0,0.0,0.0,0.0,0.0,0.0,0.0,0.0,0.0,0.0,0.0,0.0,0.0,0.0,0.0,0.0,0.0,0.0,0.0,0.0,False,False,False,
231,False,2020-03-03,2020-02-28,CLR,"Continental Resources, Inc",Berry William B,CEO,P - Purchase,0.0,90000.0,931301.0,11.0,1654381.0,0.0,0.0,0.0,0.0,0.0,0.0,0.0,0.0,0.0,0.0,0.0,0.0,0.0,0.0,0.0,0.0,0.0,0.0,0.0,0.0,0.0,0.0,0.0,0.0,0.0,0.0,0.0,0.0,False,False,False,
232,False,2020-03-03,2020-02-28,ET,Energy Transfer LP,Warren Kelcy L,CEO,P - Purchase,0.0,300000.0,259940845.0,0.0,3240000.0,0.0,0.0,0.0,0.0,0.0,0.0,0.0,0.0,0.0,0.0,0.0,0.0,0.0,0.0,0.0,0.0,0.0,0.0,0.0,0.0,0.0,0.0,0.0,0.0,0.0,0.0,0.0,0.0,False,False,False,
233,False,2020-03-03,2020-02-28,VZ,Verizon Communications Inc,Dunne Ronan,"EVP, Group CEO-VZ Consumer",P - Purchase,0.0,18839.0,34005.0,124.0,1007321.0,0.0,0.0,0.0,0.0,0.0,0.0,0.0,0.0,0.0,0.0,0.0,0.0,0.0,0.0,0.0,0.0,0.0,0.0,0.0,0.0,0.0,0.0,0.0,0.0,0.0,0.0,0.0,0.0,False,False,False,
230,False,2020-03-03,2020-03-02,HESM,Hess Midstream LP,Hess John B,"COB, CEO",P - Purchase,0.0,52000.0,182425.0,40.0,1022790.0,0.0,0.0,0.0,0.0,0.0,0.0,0.0,0.0,0.0,0.0,0.0,0.0,0.0,0.0,0.0,0.0,0.0,0.0,0.0,0.0,0.0,0.0,0.0,0.0,0.0,0.0,0.0,0.0,False,False,False,
234,False,2020-03-02,2020-02-27,BPYU,Brookfield Property Reit Inc.,Kingston Brian,CEO,P - Purchase,0.0,75000.0,120000.0,167.0,1249500.0,0.0,0.0,0.0,0.0,0.0,0.0,0.0,0.0,0.0,0.0,0.0,0.0,0.0,0.0,0.0,0.0,0.0,0.0,0.0,0.0,0.0,0.0,0.0,0.0,0.0,0.0,0.0,0.0,False,False,False,
235,False,2020-03-02,2020-02-27,ET,Energy Transfer LP,Warren Kelcy L,CEO,P - Purchase,0.0,4000000.0,259640845.0,2.0,42560000.0,0.0,0.0,0.0,0.0,0.0,0.0,0.0,0.0,0.0,0.0,0.0,0.0,0.0,0.0,0.0,0.0,0.0,0.0,0.0,0.0,0.0,0.0,0.0,0.0,0.0,0.0,0.0,0.0,False,False,False,
236,False,2020-03-02,2020-02-28,NLSN,Nielsen Holdings Plc,Kenny David W,CEO,P - Purchase,0.0,55400.0,642476.0,9.0,1001632.0,0.0,0.0,0.0,0.0,0.0,0.0,0.0,0.0,0.0,0.0,0.0,0.0,0.0,0.0,0.0,0.0,0.0,0.0,0.0,0.0,0.0,0.0,0.0,0.0,0.0,0.0,0.0,0.0,False,False,False,
237,False,2020-02-28,2020-02-26,GEO,Geo Group Inc,Zoley George C,"COB, CEO",P - Purchase,0.0,250000.0,2765062.0,10.0,4043600.0,0.0,0.0,0.0,0.0,0.0,0.0,0.0,0.0,0.0,0.0,0.0,0.0,0.0,0.0,0.0,0.0,0.0,0.0,0.0,0.0,0.0,0.0,0.0,0.0,0.0,0.0,0.0,0.0,False,False,False,
238,False,2020-02-28,2020-02-26,AAT,"American Assets Trust, Inc.",Rady Ernest S,"COB, CEO, Pres, 10%",P - Purchase,0.0,33313.0,9660154.0,0.0,1424673.0,0.0,0.0,0.0,0.0,0.0,0.0,0.0,0.0,0.0,0.0,0.0,0.0,0.0,0.0,0.0,0.0,0.0,0.0,0.0,0.0,0.0,0.0,0.0,0.0,0.0,0.0,0.0,0.0,False,False,False,
239,False,2020-02-26,2020-02-24,GEO,Geo Group Inc,Zoley George C,"COB, CEO",P - Purchase,0.0,265063.0,2515062.0,12.0,4495177.0,0.0,0.0,0.0,0.0,0.0,0.0,0.0,0.0,0.0,0.0,0.0,0.0,0.0,0.0,0.0,0.0,0.0,0.0,0.0,0.0,0.0,0.0,0.0,0.0,0.0,0.0,0.0,0.0,False,False,False,
240,False,2020-02-26,2020-02-24,INOV,"Inovalon Holdings, Inc.",Dunleavy Keith R,"CEO, COB, 10%",P - Purchase,0.0,63005.0,600000.0,12.0,1281100.0,0.0,0.0,0.0,0.0,0.0,0.0,0.0,0.0,0.0,0.0,0.0,0.0,0.0,0.0,0.0,0.0,0.0,0.0,0.0,0.0,0.0,0.0,0.0,0.0,0.0,0.0,0.0,0.0,False,False,False,
242,False,2020-02-25,2020-02-24,MGY,Magnolia Oil & Gas Corp,Chazen Stephen I,"COB, Pres, CEO",P - Purchase,0.0,201000.0,6830349.0,3.0,1566402.0,0.0,0.0,0.0,0.0,0.0,0.0,0.0,0.0,0.0,0.0,0.0,0.0,0.0,0.0,0.0,0.0,0.0,0.0,0.0,0.0,0.0,0.0,0.0,0.0,0.0,0.0,0.0,0.0,False,False,False,
241,False,2020-02-25,2020-02-24,PAGP,Plains Gp Holdings LP,Chiang Willie Cw,"COB, CEO",P - Purchase,0.0,65000.0,200104.0,48.0,1028482.0,0.0,0.0,0.0,0.0,0.0,0.0,0.0,0.0,0.0,0.0,0.0,0.0,0.0,0.0,0.0,0.0,0.0,0.0,0.0,0.0,0.0,0.0,0.0,0.0,0.0,0.0,0.0,0.0,False,False,False,
243,False,2020-02-24,2020-02-19,ET,Energy Transfer LP,Warren Kelcy L,CEO,P - Purchase,0.0,3603791.0,255640845.0,1.0,45155501.0,0.0,0.0,0.0,0.0,0.0,0.0,0.0,0.0,0.0,0.0,0.0,0.0,0.0,0.0,0.0,0.0,0.0,0.0,0.0,0.0,0.0,0.0,0.0,0.0,0.0,0.0,0.0,0.0,False,False,False,
244,False,2020-02-24,2020-02-20,BG,Bunge Ltd,Heckman Gregory A,CEO,P - Purchase,0.0,37180.0,130832.0,40.0,1998657.0,0.0,0.0,0.0,0.0,0.0,0.0,0.0,0.0,0.0,0.0,0.0,0.0,0.0,0.0,0.0,0.0,0.0,0.0,0.0,0.0,0.0,0.0,0.0,0.0,0.0,0.0,0.0,0.0,False,False,False,
245,False,2020-02-19,2020-02-14,TSLA,"Tesla, Inc.",Musk Elon,"CEO, 10%",P - Purchase,0.0,13037.0,34098597.0,0.0,9999379.0,0.0,0.0,0.0,0.0,0.0,0.0,0.0,0.0,0.0,0.0,0.0,0.0,0.0,0.0,0.0,0.0,0.0,0.0,0.0,0.0,0.0,0.0,0.0,0.0,0.0,0.0,0.0,0.0,False,False,False,
246,True,2020-02-12,2020-02-10,PPD,"Ppd, Inc.",Simmons David S,CEO,P - Purchase,0.0,40000.0,1510759.0,3.0,1080000.0,0.0,0.0,0.0,0.0,0.0,0.0,0.0,0.0,0.0,0.0,0.0,0.0,0.0,0.0,0.0,0.0,0.0,0.0,0.0,0.0,0.0,0.0,0.0,0.0,0.0,0.0,0.0,0.0,False,False,False,
247,False,2020-02-12,2020-02-10,K,Kellogg Co,Cahillane Steven A,"COB, Pres, CEO, Trustee, 10%",P - Purchase,0.0,16810.0,50565.0,50.0,1098258.0,0.0,0.0,0.0,0.0,0.0,0.0,0.0,0.0,0.0,0.0,0.0,0.0,0.0,0.0,0.0,0.0,0.0,0.0,0.0,0.0,0.0,0.0,0.0,0.0,0.0,0.0,0.0,0.0,False,False,False,
248,True,2020-02-11,2020-02-07,STC,Stewart Information Services Corp,Eppinger Frederick H,CEO,P - Purchase,0.0,26423.0,45441.0,139.0,1054004.0,0.0,0.0,0.0,0.0,0.0,0.0,0.0,0.0,0.0,0.0,0.0,0.0,0.0,0.0,0.0,0.0,0.0,0.0,0.0,0.0,0.0,0.0,0.0,0.0,0.0,0.0,0.0,0.0,False,False,False,
249,False,2020-02-07,2020-02-06,ASH,Ashland Global Holdings Inc,Novo Guillermo,"COB, CEO",P - Purchase,0.0,12900.0,12900.0,New,1010715.0,0.0,0.0,0.0,0.0,0.0,0.0,0.0,0.0,0.0,0.0,0.0,0.0,0.0,0.0,0.0,0.0,0.0,0.0,0.0,0.0,0.0,0.0,0.0,0.0,0.0,0.0,0.0,0.0,False,False,False,
250,False,2020-01-31,2020-01-30,ANTM,"Anthem, Inc.",Boudreaux Gail,"Pres, CEO",P - Purchase,0.0,7600.0,26616.0,40.0,2004152.0,0.0,0.0,0.0,0.0,0.0,0.0,0.0,0.0,0.0,0.0,0.0,0.0,0.0,0.0,0.0,0.0,0.0,0.0,0.0,0.0,0.0,0.0,0.0,0.0,0.0,0.0,0.0,0.0,False,False,False,
251,False,2020-01-27,2020-01-27,DFS,Discover Financial Services,Hochschild Roger C,"CEO, Pres",P - Purchase,0.0,15000.0,878196.0,2.0,1111821.0,0.0,0.0,0.0,0.0,0.0,0.0,0.0,0.0,0.0,0.0,0.0,0.0,0.0,0.0,0.0,0.0,0.0,0.0,0.0,0.0,0.0,0.0,0.0,0.0,0.0,0.0,0.0,0.0,False,False,False,
252,False,2020-01-17,2020-01-15,JPM,Jpmorgan Chase & Co,Erdoes Mary E.,"CEO Asset, Wealth Management",P - Purchase,0.0,51000.0,51000.0,New,5100000.0,0.0,0.0,0.0,0.0,0.0,0.0,0.0,0.0,0.0,0.0,0.0,0.0,0.0,0.0,0.0,0.0,0.0,0.0,0.0,0.0,0.0,0.0,0.0,0.0,0.0,0.0,0.0,0.0,False,False,False,
253,True,2020-01-09,2020-01-09,MOSC,Mosaic Acquisition Corp.,Maura David M,"Pres, CEO, 10%",P - Purchase,0.0,100000.0,435066.0,30.0,1029000.0,0.0,0.0,0.0,0.0,0.0,0.0,0.0,0.0,0.0,0.0,0.0,0.0,0.0,0.0,0.0,0.0,0.0,0.0,0.0,0.0,0.0,0.0,0.0,0.0,0.0,0.0,0.0,0.0,False,False,False,
255,False,2020-01-03,2020-01-03,CLUB,Town Sports International Holdings Inc,Walsh Patrick,"CEO, 10%",P - Purchase,0.0,4300000.0,8702499.0,98.0,6450000.0,0.0,0.0,0.0,0.0,0.0,0.0,0.0,0.0,0.0,0.0,0.0,0.0,0.0,0.0,0.0,0.0,0.0,0.0,0.0,0.0,0.0,0.0,0.0,0.0,0.0,0.0,0.0,0.0,False,False,False,
254,True,2020-01-03,2019-12-26,KOOL,"Thermogenesis Holdings, Inc.",Xu Xiaochun,"CEO, 10%",P - Purchase,0.0,1367648.0,683824.0,-200.0,4554268.0,0.0,0.0,0.0,0.0,0.0,0.0,0.0,0.0,0.0,0.0,0.0,0.0,0.0,0.0,0.0,0.0,0.0,0.0,0.0,0.0,0.0,0.0,0.0,0.0,0.0,0.0,0.0,0.0,False,False,False,
256,True,2019-12-19,2019-12-17,HCCOU,Healthcare Merger Corp.,Shulman Steven J,"CEO, 10%",P - Purchase,0.0,700000.0,700000.0,New,7000000.0,0.0,0.0,0.0,0.0,0.0,0.0,0.0,0.0,0.0,0.0,0.0,0.0,0.0,0.0,0.0,0.0,0.0,0.0,0.0,0.0,0.0,0.0,0.0,0.0,0.0,0.0,0.0,0.0,False,False,False,
258,False,2019-12-17,2019-12-16,FRG,"Franchise Group, Inc.",Vintage Capital Management LLC,"CEO, 10%",P - Purchase,0.0,937500.0,13600262.0,7.0,11250000.0,0.0,0.0,0.0,0.0,0.0,0.0,0.0,0.0,0.0,0.0,0.0,0.0,0.0,0.0,0.0,0.0,0.0,0.0,0.0,0.0,0.0,0.0,0.0,0.0,0.0,0.0,0.0,0.0,False,False,False,
260,False,2019-12-16,2019-12-13,PLCE,"Childrens Place, Inc.",Elfers Jane T,"Pres, CEO",P - Purchase,0.0,18100.0,272488.0,7.0,1005274.0,0.0,0.0,0.0,0.0,0.0,0.0,0.0,0.0,0.0,0.0,0.0,0.0,0.0,0.0,0.0,0.0,0.0,0.0,0.0,0.0,0.0,0.0,0.0,0.0,0.0,0.0,0.0,0.0,False,False,False,
259,True,2019-12-16,2019-12-12,TAT,Transatlantic Petroleum Ltd.,Mitchell Noah Malone III,"CEO, 10%",P - Purchase,0.0,7363053.0,26567690.0,38.0,2769244.0,0.0,0.0,0.0,0.0,0.0,0.0,0.0,0.0,0.0,0.0,0.0,0.0,0.0,0.0,0.0,0.0,0.0,0.0,0.0,0.0,0.0,0.0,0.0,0.0,0.0,0.0,0.0,0.0,False,False,False,
261,False,2019-12-13,2019-12-11,SPRT,"Support.Com, Inc.",Bloom Richard A,"Pres, CEO",P - Purchase,0.0,728420.0,1004652.0,264.0,1493261.0,0.0,0.0,0.0,0.0,0.0,0.0,0.0,0.0,0.0,0.0,0.0,0.0,0.0,0.0,0.0,0.0,0.0,0.0,0.0,0.0,0.0,0.0,0.0,0.0,0.0,0.0,0.0,0.0,False,False,False,
262,False,2019-12-12,2019-12-11,CXDC,China Xd Plastics Co Ltd,Han Jie,"CEO, 10%",P - Purchase,0.0,554923.0,34065054.0,2.0,1137037.0,0.0,0.0,0.0,0.0,0.0,0.0,0.0,0.0,0.0,0.0,0.0,0.0,0.0,0.0,0.0,0.0,0.0,0.0,0.0,0.0,0.0,0.0,0.0,0.0,0.0,0.0,0.0,0.0,False,False,False,
263,False,2019-12-11,2019-12-10,LMPX,"Lmp Automotive Holdings, Inc.",Tawfik Samer,"Pres, CEO, 10%",P - Purchase,0.0,131646.0,3786537.0,4.0,1731116.0,0.0,0.0,0.0,0.0,0.0,0.0,0.0,0.0,0.0,0.0,0.0,0.0,0.0,0.0,0.0,0.0,0.0,0.0,0.0,0.0,0.0,0.0,0.0,0.0,0.0,0.0,0.0,0.0,False,False,False,
264,False,2019-12-10,2019-12-09,AHC,A. H. Belo Corp,Decherd Robert W,"COB, Pres, CEO",P - Purchase,0.0,720399.0,2146198.0,51.0,3335751.0,0.0,0.0,0.0,0.0,0.0,0.0,0.0,0.0,0.0,0.0,0.0,0.0,0.0,0.0,0.0,0.0,0.0,0.0,0.0,0.0,0.0,0.0,0.0,0.0,0.0,0.0,0.0,0.0,False,False,False,
268,False,2019-12-09,2019-12-06,HSAC,Health Sciences Acquisitions Corp,Wong Roderick,CEO,P - Purchase,0.0,400000.0,795027.0,101.0,4100000.0,0.0,0.0,0.0,0.0,0.0,0.0,0.0,0.0,0.0,0.0,0.0,0.0,0.0,0.0,0.0,0.0,0.0,0.0,0.0,0.0,0.0,0.0,0.0,0.0,0.0,0.0,0.0,0.0,False,False,False,
270,False,2019-12-05,2019-12-05,LMPX,"Lmp Automotive Holdings, Inc.",Tawfik Samer,"Pres, CEO, 10%",P - Purchase,0.0,342959.0,2842959.0,14.0,1749091.0,0.0,0.0,0.0,0.0,0.0,0.0,0.0,0.0,0.0,0.0,0.0,0.0,0.0,0.0,0.0,0.0,0.0,0.0,0.0,0.0,0.0,0.0,0.0,0.0,0.0,0.0,0.0,0.0,False,False,False,
271,False,2019-12-03,2019-12-03,CGEI,"Cge Energy, Inc.",Zaplitny Bryan,"Pres, CEO, 10%",P - Purchase,0.0,26577367.0,53976120.0,97.0,2147483647.0,0.0,0.0,0.0,0.0,0.0,0.0,0.0,0.0,0.0,0.0,0.0,0.0,0.0,0.0,0.0,0.0,0.0,0.0,0.0,0.0,0.0,0.0,0.0,0.0,0.0,0.0,0.0,0.0,False,False,False,
273,False,2019-12-02,2019-11-29,GSAT,"Globalstar, Inc.",Monroe James III,"CEO, 10%",P - Purchase,0.0,3093147.0,828452082.0,0.0,1206327.0,0.0,0.0,0.0,0.0,0.0,0.0,0.0,0.0,0.0,0.0,0.0,0.0,0.0,0.0,0.0,0.0,0.0,0.0,0.0,0.0,0.0,0.0,0.0,0.0,0.0,0.0,0.0,0.0,False,False,False,
272,False,2019-12-02,2019-11-27,PANW,Palo Alto Networks Inc,Arora Nikesh,CEO,P - Purchase,0.0,25000.0,479429.0,6.0,5538483.0,0.0,0.0,0.0,0.0,0.0,0.0,0.0,0.0,0.0,0.0,0.0,0.0,0.0,0.0,0.0,0.0,0.0,0.0,0.0,0.0,0.0,0.0,0.0,0.0,0.0,0.0,0.0,0.0,False,False,False,
274,False,2019-11-26,2019-11-25,NOW,"Servicenow, Inc.",McDermott William R,"Pres, CEO",P - Purchase,0.0,3600.0,3600.0,New,1004149.0,0.0,0.0,0.0,0.0,0.0,0.0,0.0,0.0,0.0,0.0,0.0,0.0,0.0,0.0,0.0,0.0,0.0,0.0,0.0,0.0,0.0,0.0,0.0,0.0,0.0,0.0,0.0,0.0,False,False,False,
275,True,2019-11-22,2019-11-21,ARMK,Aramark,Zillmer John J,CEO,P - Purchase,0.0,35000.0,236030.0,17.0,1493853.0,0.0,0.0,0.0,0.0,0.0,0.0,0.0,0.0,0.0,0.0,0.0,0.0,0.0,0.0,0.0,0.0,0.0,0.0,0.0,0.0,0.0,0.0,0.0,0.0,0.0,0.0,0.0,0.0,False,False,False,
276,False,2019-11-21,2019-11-21,GCI,"Gannett Co., Inc.",Reed Michael,CEO,P - Purchase,0.0,285000.0,912361.0,45.0,1883850.0,0.0,0.0,0.0,0.0,0.0,0.0,0.0,0.0,0.0,0.0,0.0,0.0,0.0,0.0,0.0,0.0,0.0,0.0,0.0,0.0,0.0,0.0,0.0,0.0,0.0,0.0,0.0,0.0,False,False,False,
278,False,2019-11-20,2019-11-20,PAGP,Plains Gp Holdings LP,Chiang Willie Cw,CEO,P - Purchase,0.0,60000.0,135104.0,80.0,1028160.0,0.0,0.0,0.0,0.0,0.0,0.0,0.0,0.0,0.0,0.0,0.0,0.0,0.0,0.0,0.0,0.0,0.0,0.0,0.0,0.0,0.0,0.0,0.0,0.0,0.0,0.0,0.0,0.0,False,False,False,
280,False,2019-11-20,2019-11-19,ET,Energy Transfer LP,Warren Kelcy L,CEO,P - Purchase,0.0,3969224.0,252037054.0,2.0,45130077.0,0.0,0.0,0.0,0.0,0.0,0.0,0.0,0.0,0.0,0.0,0.0,0.0,0.0,0.0,0.0,0.0,0.0,0.0,0.0,0.0,0.0,0.0,0.0,0.0,0.0,0.0,0.0,0.0,False,False,False,
277,False,2019-11-20,2019-11-18,BH,Biglari Holdings Inc.,"Biglari, Sardar","COB, CEO, 10%",P - Purchase,0.0,3232.0,1278765.0,0.0,1862049.0,0.0,0.0,0.0,0.0,0.0,0.0,0.0,0.0,0.0,0.0,0.0,0.0,0.0,0.0,0.0,0.0,0.0,0.0,0.0,0.0,0.0,0.0,0.0,0.0,0.0,0.0,0.0,0.0,False,False,False,
279,False,2019-11-20,2019-11-18,UBER,"Uber Technologies, Inc",Khosrowshahi Dara,CEO,P - Purchase,0.0,250000.0,1530939.0,20.0,6687500.0,0.0,0.0,0.0,0.0,0.0,0.0,0.0,0.0,0.0,0.0,0.0,0.0,0.0,0.0,0.0,0.0,0.0,0.0,0.0,0.0,0.0,0.0,0.0,0.0,0.0,0.0,0.0,0.0,False,False,False,
281,False,2019-11-15,2019-11-13,SRACU,Stable Road Acquisition Corp.,Kabot Brian,"CEO, 10%",P - Purchase,0.0,495000.0,495000.0,New,4950000.0,0.0,0.0,0.0,0.0,0.0,0.0,0.0,0.0,0.0,0.0,0.0,0.0,0.0,0.0,0.0,0.0,0.0,0.0,0.0,0.0,0.0,0.0,0.0,0.0,0.0,0.0,0.0,0.0,False,False,False,
282,False,2019-11-15,2019-11-13,AGIO,"Agios Pharmaceuticals, Inc.",Fouse Jacqualyn A,CEO,P - Purchase,0.0,40322.0,41722.0,999.0,1249982.0,0.0,0.0,0.0,0.0,0.0,0.0,0.0,0.0,0.0,0.0,0.0,0.0,0.0,0.0,0.0,0.0,0.0,0.0,0.0,0.0,0.0,0.0,0.0,0.0,0.0,0.0,0.0,0.0,False,False,False,
283,False,2019-11-14,2019-11-12,HSAC,Health Sciences Acquisitions Corp,Wong Roderick,CEO,P - Purchase,0.0,126000.0,156500.0,413.0,1281420.0,0.0,0.0,0.0,0.0,0.0,0.0,0.0,0.0,0.0,0.0,0.0,0.0,0.0,0.0,0.0,0.0,0.0,0.0,0.0,0.0,0.0,0.0,0.0,0.0,0.0,0.0,0.0,0.0,False,False,False,
284,False,2019-11-13,2019-11-12,CLNC,"Colony Credit Real Estate, Inc.",Traenkle Kevin P.,"CEO, Pres",P - Purchase,0.0,100000.0,274877.0,57.0,1193000.0,0.0,0.0,0.0,0.0,0.0,0.0,0.0,0.0,0.0,0.0,0.0,0.0,0.0,0.0,0.0,0.0,0.0,0.0,0.0,0.0,0.0,0.0,0.0,0.0,0.0,0.0,0.0,0.0,False,False,False,
285,False,2019-11-13,2019-11-11,DBX,"Dropbox, Inc.",Houston Andrew,"CEO, 10%",P - Purchase,0.0,500000.0,11550061.0,5.0,9568900.0,0.0,0.0,0.0,0.0,0.0,0.0,0.0,0.0,0.0,0.0,0.0,0.0,0.0,0.0,0.0,0.0,0.0,0.0,0.0,0.0,0.0,0.0,0.0,0.0,0.0,0.0,0.0,0.0,False,False,False,
286,False,2019-11-12,2019-11-08,BKI,"Black Knight, Inc.",Jabbour Anthony M,CEO,P - Purchase,0.0,17675.0,464800.0,4.0,1001289.0,0.0,0.0,0.0,0.0,0.0,0.0,0.0,0.0,0.0,0.0,0.0,0.0,0.0,0.0,0.0,0.0,0.0,0.0,0.0,0.0,0.0,0.0,0.0,0.0,0.0,0.0,0.0,0.0,False,False,False,
287,False,2019-11-07,2019-11-05,BH,Biglari Holdings Inc.,"Biglari, Sardar","COB, CEO, 10%",P - Purchase,0.0,1971.0,1274403.0,0.0,1008115.0,0.0,0.0,0.0,0.0,0.0,0.0,0.0,0.0,0.0,0.0,0.0,0.0,0.0,0.0,0.0,0.0,0.0,0.0,0.0,0.0,0.0,0.0,0.0,0.0,0.0,0.0,0.0,0.0,False,False,False,
288,True,2019-11-07,2019-11-05,FSRVU,Finserv Acquisition Corp.,Einbinder Lee,CEO,P - Purchase,0.0,665000.0,665000.0,New,6650000.0,0.0,0.0,0.0,0.0,0.0,0.0,0.0,0.0,0.0,0.0,0.0,0.0,0.0,0.0,0.0,0.0,0.0,0.0,0.0,0.0,0.0,0.0,0.0,0.0,0.0,0.0,0.0,0.0,False,False,False,
289,False,2019-10-29,2019-10-25,REED,"Reed'S, Inc.",Bello John,Interim CEO,P - Purchase,0.0,1666666.0,2283120.0,270.0,1000000.0,0.0,0.0,0.0,0.0,0.0,0.0,0.0,0.0,0.0,0.0,0.0,0.0,0.0,0.0,0.0,0.0,0.0,0.0,0.0,0.0,0.0,0.0,0.0,0.0,0.0,0.0,0.0,0.0,False,False,False,
290,False,2019-10-25,2019-10-25,OPK,"Opko Health, Inc.",Frost Phillip Md Et Al,"CEO, COB, 10%",P - Purchase,0.0,2000000.0,219521633.0,1.0,3000000.0,0.0,0.0,0.0,0.0,0.0,0.0,0.0,0.0,0.0,0.0,0.0,0.0,0.0,0.0,0.0,0.0,0.0,0.0,0.0,0.0,0.0,0.0,0.0,0.0,0.0,0.0,0.0,0.0,False,False,False,
291,False,2019-10-23,2019-10-23,FRGA,"Franchise Group, Inc.",Vintage Capital Management LLC,"CEO, 10%",P - Purchase,0.0,2333333.0,24325524.0,11.0,28000000.0,0.0,0.0,0.0,0.0,0.0,0.0,0.0,0.0,0.0,0.0,0.0,0.0,0.0,0.0,0.0,0.0,0.0,0.0,0.0,0.0,0.0,0.0,0.0,0.0,0.0,0.0,0.0,0.0,False,False,False,
292,False,2019-10-07,2019-07-09,ZNRG,"Znergy, Inc.",Baker Dave Joseph,"Pres, CEO, 10%",P - Purchase,0.0,20000000.0,40000000.0,100.0,1600000.0,0.0,0.0,0.0,0.0,0.0,0.0,0.0,0.0,0.0,0.0,0.0,0.0,0.0,0.0,0.0,0.0,0.0,0.0,0.0,0.0,0.0,0.0,0.0,0.0,0.0,0.0,0.0,0.0,False,False,False,
293,True,2019-10-01,2019-09-27,ONDS,Ondas Holdings Inc.,Brock Eric A,"CEO, COB",P - Purchase,0.0,400000.0,5473585.0,8.0,1000000.0,0.0,0.0,0.0,0.0,0.0,0.0,0.0,0.0,0.0,0.0,0.0,0.0,0.0,0.0,0.0,0.0,0.0,0.0,0.0,0.0,0.0,0.0,0.0,0.0,0.0,0.0,0.0,0.0,False,False,False,
294,False,2019-09-19,2019-09-19,ATH,Athene Holding Ltd,Belardi James Richard,"COB, CEO, CIO",P - Purchase,0.0,40000.0,40000.0,New,1000000.0,0.0,0.0,0.0,0.0,0.0,0.0,0.0,0.0,0.0,0.0,0.0,0.0,0.0,0.0,0.0,0.0,0.0,0.0,0.0,0.0,0.0,0.0,0.0,0.0,0.0,0.0,0.0,0.0,False,False,False,
295,True,2019-09-13,2019-09-04,CBAK,"Cbak Energy Technology, Inc.",Li Yunfei,"CEO, 10%",P - Purchase,0.0,2938067.0,8530752.0,53.0,3084970.0,0.0,0.0,0.0,0.0,0.0,0.0,0.0,0.0,0.0,0.0,0.0,0.0,0.0,0.0,0.0,0.0,0.0,0.0,0.0,0.0,0.0,0.0,0.0,0.0,0.0,0.0,0.0,0.0,False,False,False,
296,False,2019-09-11,2019-09-09,LAND,Gladstone Land Corp,Gladstone David,"CEO, 10%",P - Purchase,0.0,210000.0,2298585.0,10.0,2493570.0,0.0,0.0,0.0,0.0,0.0,0.0,0.0,0.0,0.0,0.0,0.0,0.0,0.0,0.0,0.0,0.0,0.0,0.0,0.0,0.0,0.0,0.0,0.0,0.0,0.0,0.0,0.0,0.0,False,False,False,
297,True,2019-09-10,2019-09-10,DOMO,"Domo, Inc.",James Joshua G,"Founder, CEO, COB, 10%",P - Purchase,0.0,60000.0,162143.0,59.0,1020000.0,0.0,0.0,0.0,0.0,0.0,0.0,0.0,0.0,0.0,0.0,0.0,0.0,0.0,0.0,0.0,0.0,0.0,0.0,0.0,0.0,0.0,0.0,0.0,0.0,0.0,0.0,0.0,0.0,False,False,False,
299,False,2019-09-09,2019-09-09,CI,Cigna Corp,Cordani David,"Pres, CEO",P - Purchase,0.0,32509.0,357554.0,10.0,5044422.0,0.0,0.0,0.0,0.0,0.0,0.0,0.0,0.0,0.0,0.0,0.0,0.0,0.0,0.0,0.0,0.0,0.0,0.0,0.0,0.0,0.0,0.0,0.0,0.0,0.0,0.0,0.0,0.0,False,False,False,
301,False,2019-09-05,2019-09-04,ELAN,Elanco Animal Health Inc,Simmons Jeffrey N,"Pres, CEO, Dir",P - Purchase,0.0,75750.0,470006.0,19.0,2011163.0,0.0,0.0,0.0,0.0,0.0,0.0,0.0,0.0,0.0,0.0,0.0,0.0,0.0,0.0,0.0,0.0,0.0,0.0,0.0,0.0,0.0,0.0,0.0,0.0,0.0,0.0,0.0,0.0,False,False,False,
300,False,2019-09-05,2019-09-03,COT,Cott Corp ,Harrington Thomas,CEO,P - Purchase,0.0,80000.0,257413.0,45.0,1004940.0,0.0,0.0,0.0,0.0,0.0,0.0,0.0,0.0,0.0,0.0,0.0,0.0,0.0,0.0,0.0,0.0,0.0,0.0,0.0,0.0,0.0,0.0,0.0,0.0,0.0,0.0,0.0,0.0,False,False,False,
302,False,2019-09-04,2019-08-30,COTY,Coty Inc.,Laubies Pierre,CEO,P - Purchase,0.0,262000.0,3218675.0,9.0,2499952.0,0.0,0.0,0.0,0.0,0.0,0.0,0.0,0.0,0.0,0.0,0.0,0.0,0.0,0.0,0.0,0.0,0.0,0.0,0.0,0.0,0.0,0.0,0.0,0.0,0.0,0.0,0.0,0.0,False,False,False,
303,False,2019-09-03,2019-09-03,PVH,Pvh Corp. ,Chirico Emanuel,"COB, CEO",P - Purchase,0.0,133155.0,426778.0,45.0,9985746.0,0.0,0.0,0.0,0.0,0.0,0.0,0.0,0.0,0.0,0.0,0.0,0.0,0.0,0.0,0.0,0.0,0.0,0.0,0.0,0.0,0.0,0.0,0.0,0.0,0.0,0.0,0.0,0.0,False,False,False,
304,False,2019-09-03,2019-08-30,NEWM,New Media Investment Group Inc.,Reed Michael,CEO,P - Purchase,0.0,250000.0,627361.0,66.0,2195000.0,0.0,0.0,0.0,0.0,0.0,0.0,0.0,0.0,0.0,0.0,0.0,0.0,0.0,0.0,0.0,0.0,0.0,0.0,0.0,0.0,0.0,0.0,0.0,0.0,0.0,0.0,0.0,0.0,False,False,False,
305,True,2019-08-29,2019-08-27,CYH,Community Health Systems Inc,Smith Wayne T,"COB, CEO",P - Purchase,0.0,1200000.0,4525045.0,36.0,2382485.0,0.0,0.0,0.0,0.0,0.0,0.0,0.0,0.0,0.0,0.0,0.0,0.0,0.0,0.0,0.0,0.0,0.0,0.0,0.0,0.0,0.0,0.0,0.0,0.0,0.0,0.0,0.0,0.0,False,False,False,
306,False,2019-08-29,2019-08-27,EWBC,East West Bancorp Inc,Ng Dominic,CEO,P - Purchase,0.0,25840.0,554895.0,5.0,1000314.0,0.0,0.0,0.0,0.0,0.0,0.0,0.0,0.0,0.0,0.0,0.0,0.0,0.0,0.0,0.0,0.0,0.0,0.0,0.0,0.0,0.0,0.0,0.0,0.0,0.0,0.0,0.0,0.0,False,False,False,
